IP地址,端口,回源端口,TLS,数据中心,地区,城市,TCP延迟(ms),速度(MB/s)
130.61.203.115,8443,443,TRUE,FRA,Europe,Frankfurt,195,11.6
141.147.179.64,2087,2087,TRUE,NRT,Asia Pacific,Tokyo,86,11.57
141.147.167.44,2083,2083,TRUE,NRT,Asia Pacific,Tokyo,92,11.56
158.101.150.74,8443,8443,TRUE,NRT,Asia Pacific,Tokyo,90,11.54
141.147.181.148,2053,2053,TRUE,NRT,Asia Pacific,Tokyo,157,11.53
152.70.103.145,2087,2087,TRUE,NRT,Asia Pacific,Tokyo,91,11.53
131.186.35.189,2096,2096,TRUE,NRT,Asia Pacific,Tokyo,101,11.53
168.138.207.64,2087,2087,TRUE,NRT,Asia Pacific,Tokyo,94,11.5
158.101.204.41,443,443,TRUE,FRA,Europe,Frankfurt,174,11.49
132.145.121.175,2087,2087,TRUE,NRT,Asia Pacific,Tokyo,97,11.48
141.147.168.159,8443,8443,TRUE,NRT,Asia Pacific,Tokyo,125,11.48
141.147.167.44,2096,2096,TRUE,NRT,Asia Pacific,Tokyo,79,11.47
138.3.216.67,2053,2053,TRUE,NRT,Asia Pacific,Tokyo,91,11.47
141.147.185.149,2087,2087,TRUE,NRT,Asia Pacific,Tokyo,96,11.41
151.145.68.104,8443,8443,TRUE,NRT,Asia Pacific,Tokyo,91,11.39
132.145.112.168,2053,2053,TRUE,NRT,Asia Pacific,Tokyo,151,11.39
150.230.21.156,443,443,TRUE,FRA,Europe,Frankfurt,215,11.38
140.238.54.166,2096,2096,TRUE,NRT,Asia Pacific,Tokyo,106,11.37
152.70.55.20,443,443,TRUE,FRA,Europe,Frankfurt,195,11.37
131.186.35.189,8443,8443,TRUE,NRT,Asia Pacific,Tokyo,146,11.36
152.70.51.214,443,443,TRUE,FRA,Europe,Frankfurt,183,11.36
140.238.46.138,2083,2083,TRUE,NRT,Asia Pacific,Tokyo,88,11.35
150.230.22.53,443,443,TRUE,FRA,Europe,Frankfurt,185,11.33
151.145.69.174,8443,8443,TRUE,NRT,Asia Pacific,Tokyo,82,11.33
158.101.150.126,2087,2087,TRUE,NRT,Asia Pacific,Tokyo,87,11.32
141.147.167.40,2087,2087,TRUE,NRT,Asia Pacific,Tokyo,97,11.32
141.147.160.221,2087,2087,TRUE,NRT,Asia Pacific,Tokyo,82,11.31
132.145.120.118,2053,2053,TRUE,NRT,Asia Pacific,Tokyo,112,11.3
131.186.46.75,8443,8443,TRUE,NRT,Asia Pacific,Tokyo,109,11.3
158.101.158.238,8443,8443,TRUE,NRT,Asia Pacific,Tokyo,80,11.29
141.144.202.98,443,443,TRUE,FRA,Europe,Frankfurt,179,11.29
158.101.140.154,2096,2096,TRUE,NRT,Asia Pacific,Tokyo,145,11.28
152.70.63.210,443,443,TRUE,FRA,Europe,Frankfurt,184,11.28
132.145.120.197,2083,2083,TRUE,NRT,Asia Pacific,Tokyo,115,11.27
158.101.136.239,2087,2087,TRUE,NRT,Asia Pacific,Tokyo,117,11.26
152.70.52.215,443,443,TRUE,AMS,Europe,Amsterdam,200,11.25
152.70.99.218,2087,2087,TRUE,NRT,Asia Pacific,Tokyo,113,11.25
143.47.191.168,443,443,TRUE,FRA,Europe,Frankfurt,223,11.25
131.186.46.75,2087,2087,TRUE,NRT,Asia Pacific,Tokyo,132,11.25
158.101.139.42,8443,8443,TRUE,NRT,Asia Pacific,Tokyo,88,11.23
158.101.155.115,2096,2096,TRUE,NRT,Asia Pacific,Tokyo,92,11.21
131.186.34.244,2096,2096,TRUE,NRT,Asia Pacific,Tokyo,130,11.19
141.147.16.152,8443,443,TRUE,FRA,Europe,Frankfurt,167,11.18
158.101.146.203,2087,2087,TRUE,NRT,Asia Pacific,Tokyo,96,11.17
151.145.64.170,2087,2087,TRUE,NRT,Asia Pacific,Tokyo,345,11.17
140.238.80.153,443,443,TRUE,FRA,Europe,Frankfurt,180,11.14
141.147.174.190,8443,8443,TRUE,NRT,Asia Pacific,Tokyo,112,11.14
131.186.58.151,2087,2087,TRUE,NRT,Asia Pacific,Tokyo,87,11.12
132.226.214.48,443,443,TRUE,FRA,Europe,Frankfurt,192,11.11
152.70.99.187,8443,8443,TRUE,NRT,Asia Pacific,Tokyo,99,11.1
131.186.43.207,8443,8443,TRUE,NRT,Asia Pacific,Tokyo,105,11.1
158.101.139.42,2083,2083,TRUE,NRT,Asia Pacific,Tokyo,131,11.09
158.101.137.74,8443,8443,TRUE,NRT,Asia Pacific,Tokyo,120,11.09
140.238.32.238,2096,2096,TRUE,NRT,Asia Pacific,Tokyo,82,11.07
132.145.113.148,2087,2087,TRUE,NRT,Asia Pacific,Tokyo,153,11.05
158.101.90.190,2096,2096,TRUE,NRT,Asia Pacific,Tokyo,94,11.04
152.70.98.174,8443,8443,TRUE,NRT,Asia Pacific,Tokyo,91,11.03
151.145.69.174,2087,2087,TRUE,NRT,Asia Pacific,Tokyo,70,11.01
141.147.36.12,443,443,TRUE,FRA,Europe,Frankfurt,188,11
152.70.107.26,2087,2087,TRUE,NRT,Asia Pacific,Tokyo,116,10.99
130.162.54.206,443,443,TRUE,FRA,Europe,Frankfurt,193,10.98
143.47.225.135,443,443,TRUE,FRA,Europe,Frankfurt,228,10.97
89.168.103.247,443,443,TRUE,FRA,Europe,Frankfurt,204,10.97
132.145.246.174,443,443,TRUE,FRA,Europe,Frankfurt,189,10.97
158.101.154.70,2087,2087,TRUE,NRT,Asia Pacific,Tokyo,89,10.97
144.21.32.193,2087,443,TRUE,AMS,Europe,Amsterdam,193,10.97
130.61.199.164,443,443,TRUE,FRA,Europe,Frankfurt,184,10.96
158.101.137.74,2083,2083,TRUE,NRT,Asia Pacific,Tokyo,93,10.95
151.145.74.199,2096,2096,TRUE,NRT,Asia Pacific,Tokyo,140,10.94
141.147.169.131,2053,2053,TRUE,NRT,Asia Pacific,Tokyo,79,10.92
150.230.118.12,443,443,TRUE,FRA,Europe,Frankfurt,191,10.89
130.162.58.1,443,443,TRUE,FRA,Europe,Frankfurt,168,10.87
138.3.222.204,2096,2096,TRUE,NRT,Asia Pacific,Tokyo,129,10.87
89.168.70.226,443,443,TRUE,FRA,Europe,Frankfurt,183,10.85
151.145.75.28,2053,2053,TRUE,NRT,Asia Pacific,Tokyo,80,10.84
130.162.51.114,443,443,TRUE,FRA,Europe,Frankfurt,169,10.83
158.101.155.246,2096,2096,TRUE,NRT,Asia Pacific,Tokyo,188,10.83
158.101.150.74,2083,2083,TRUE,NRT,Asia Pacific,Tokyo,160,10.83
141.148.233.181,443,443,TRUE,FRA,Europe,Frankfurt,237,10.82
131.186.47.223,2083,2083,TRUE,NRT,Asia Pacific,Tokyo,116,10.81
141.147.175.230,8443,8443,TRUE,NRT,Asia Pacific,Tokyo,111,10.8
131.186.35.189,2053,2053,TRUE,NRT,Asia Pacific,Tokyo,132,10.79
158.101.88.214,8443,8443,TRUE,NRT,Asia Pacific,Tokyo,83,10.78
158.101.146.160,2096,2096,TRUE,NRT,Asia Pacific,Tokyo,90,10.78
131.186.43.207,2083,2083,TRUE,NRT,Asia Pacific,Tokyo,146,10.76
89.168.84.8,443,443,TRUE,FRA,Europe,Frankfurt,183,10.74
158.101.158.251,2083,2083,TRUE,NRT,Asia Pacific,Tokyo,170,10.73
132.145.123.112,8443,8443,TRUE,NRT,Asia Pacific,Tokyo,70,10.72
129.159.197.137,8443,443,TRUE,FRA,Europe,Frankfurt,236,10.69
138.2.163.29,443,443,TRUE,AMS,Europe,Amsterdam,182,10.68
138.3.217.39,2087,2087,TRUE,NRT,Asia Pacific,Tokyo,95,10.68
138.3.217.39,2053,2053,TRUE,NRT,Asia Pacific,Tokyo,123,10.68
151.145.70.28,2053,2053,TRUE,NRT,Asia Pacific,Tokyo,147,10.67
138.2.151.106,443,443,TRUE,EWR,North America,Newark,183,10.67
131.186.62.26,2053,2053,TRUE,NRT,Asia Pacific,Tokyo,102,10.67
158.178.153.217,443,443,TRUE,FRA,Europe,Frankfurt,192,10.66
131.186.63.127,2083,2083,TRUE,NRT,Asia Pacific,Tokyo,120,10.66
144.21.38.144,443,443,TRUE,FRA,Europe,Frankfurt,194,10.66
141.148.230.246,443,443,TRUE,FRA,Europe,Frankfurt,173,10.65
131.186.46.75,2096,2096,TRUE,NRT,Asia Pacific,Tokyo,120,10.65
132.145.121.123,2083,2083,TRUE,NRT,Asia Pacific,Tokyo,83,10.62
138.3.220.4,8443,8443,TRUE,NRT,Asia Pacific,Tokyo,71,10.6
141.147.191.132,2053,2053,TRUE,NRT,Asia Pacific,Tokyo,107,10.59
131.186.41.255,8443,8443,TRUE,NRT,Asia Pacific,Tokyo,147,10.58
132.145.123.112,2083,2083,TRUE,NRT,Asia Pacific,Tokyo,93,10.56
141.147.182.76,2083,2083,TRUE,NRT,Asia Pacific,Tokyo,136,10.56
138.3.220.4,2053,2053,TRUE,NRT,Asia Pacific,Tokyo,111,10.55
132.145.123.112,2096,2096,TRUE,NRT,Asia Pacific,Tokyo,86,10.53
193.123.37.159,443,443,TRUE,FRA,Europe,Frankfurt,176,10.52
158.101.146.160,8443,8443,TRUE,NRT,Asia Pacific,Tokyo,96,10.52
131.186.63.184,8443,8443,TRUE,NRT,Asia Pacific,Tokyo,105,10.51
158.101.155.115,2083,2083,TRUE,NRT,Asia Pacific,Tokyo,161,10.5
131.186.34.244,2083,2083,TRUE,NRT,Asia Pacific,Tokyo,85,10.5
143.47.231.135,443,443,TRUE,FRA,Europe,Frankfurt,203,10.49
168.138.200.159,2053,2053,TRUE,NRT,Asia Pacific,Tokyo,80,10.49
141.144.207.208,443,443,TRUE,FRA,Europe,Frankfurt,174,10.49
138.3.211.101,2083,2083,TRUE,NRT,Asia Pacific,Tokyo,80,10.48
141.147.179.64,2083,2083,TRUE,NRT,Asia Pacific,Tokyo,99,10.47
141.144.204.27,8443,443,TRUE,AMS,Europe,Amsterdam,205,10.45
158.101.209.25,443,443,TRUE,FRA,Europe,Frankfurt,172,10.44
158.101.149.81,2096,2096,TRUE,NRT,Asia Pacific,Tokyo,160,10.44
132.145.122.95,8443,8443,TRUE,NRT,Asia Pacific,Tokyo,86,10.42
131.186.44.38,2096,2096,TRUE,NRT,Asia Pacific,Tokyo,109,10.42
132.145.127.21,8443,8443,TRUE,NRT,Asia Pacific,Tokyo,77,10.41
158.101.65.24,2096,2096,TRUE,NRT,Asia Pacific,Tokyo,97,10.39
138.3.210.114,2083,2083,TRUE,NRT,Asia Pacific,Tokyo,83,10.38
138.3.211.101,8443,8443,TRUE,NRT,Asia Pacific,Tokyo,70,10.37
158.101.150.74,2053,2053,TRUE,NRT,Asia Pacific,Tokyo,127,10.35
141.144.243.135,443,443,TRUE,FRA,Europe,Frankfurt,186,10.34
141.147.182.76,8443,8443,TRUE,NRT,Asia Pacific,Tokyo,116,10.31
158.101.155.246,2083,2083,TRUE,NRT,Asia Pacific,Tokyo,117,10.31
141.147.169.131,2083,2083,TRUE,NRT,Asia Pacific,Tokyo,74,10.31
132.145.121.34,2096,2096,TRUE,NRT,Asia Pacific,Tokyo,71,10.3
141.147.1.240,443,443,TRUE,FRA,Europe,Frankfurt,181,10.29
132.145.120.115,2053,2053,TRUE,NRT,Asia Pacific,Tokyo,87,10.28
158.101.70.155,8443,8443,TRUE,NRT,Asia Pacific,Tokyo,103,10.27
141.147.160.221,2053,2053,TRUE,NRT,Asia Pacific,Tokyo,120,10.27
158.101.142.103,2053,2053,TRUE,NRT,Asia Pacific,Tokyo,98,10.26
141.144.199.118,443,443,TRUE,FRA,Europe,Frankfurt,174,10.23
131.186.61.45,8443,8443,TRUE,NRT,Asia Pacific,Tokyo,106,10.22
129.159.243.227,443,443,TRUE,FRA,Europe,Frankfurt,165,10.21
132.145.253.30,443,443,TRUE,FRA,Europe,Frankfurt,167,10.21
151.145.65.203,8443,8443,TRUE,NRT,Asia Pacific,Tokyo,102,10.21
132.145.123.143,2087,2087,TRUE,NRT,Asia Pacific,Tokyo,82,10.2
141.147.174.7,2087,2087,TRUE,NRT,Asia Pacific,Tokyo,128,10.19
158.101.142.103,2083,2083,TRUE,NRT,Asia Pacific,Tokyo,116,10.19
138.2.167.137,443,443,TRUE,FRA,Europe,Frankfurt,166,10.19
132.145.126.204,2053,2053,TRUE,NRT,Asia Pacific,Tokyo,71,10.18
132.145.126.21,8443,8443,TRUE,NRT,Asia Pacific,Tokyo,75,10.17
158.101.133.129,2083,2083,TRUE,NRT,Asia Pacific,Tokyo,169,10.15
141.147.36.52,443,443,TRUE,FRA,Europe,Frankfurt,204,10.15
151.145.74.56,2083,2083,TRUE,NRT,Asia Pacific,Tokyo,169,10.14
141.147.191.211,2053,2053,TRUE,NRT,Asia Pacific,Tokyo,84,10.13
138.3.222.204,2053,2053,TRUE,NRT,Asia Pacific,Tokyo,88,10.13
138.3.220.4,2083,2083,TRUE,NRT,Asia Pacific,Tokyo,93,10.13
141.147.169.131,8443,8443,TRUE,NRT,Asia Pacific,Tokyo,108,10.12
151.145.68.104,2083,2083,TRUE,NRT,Asia Pacific,Tokyo,153,10.11
151.145.66.219,2096,2096,TRUE,NRT,Asia Pacific,Tokyo,73,10.1
141.147.53.146,443,443,TRUE,FRA,Europe,Frankfurt,190,10.09
138.2.153.254,443,443,TRUE,FRA,Europe,Frankfurt,172,10.08
132.226.203.199,443,443,TRUE,FRA,Europe,Frankfurt,165,10.08
141.147.165.179,2087,2087,TRUE,NRT,Asia Pacific,Tokyo,116,10.08
141.147.186.210,8443,8443,TRUE,NRT,Asia Pacific,Tokyo,86,10.07
138.3.214.43,2096,2096,TRUE,NRT,Asia Pacific,Tokyo,86,10.04
140.238.80.225,443,443,TRUE,FRA,Europe,Frankfurt,192,10.01
158.101.150.74,2096,2096,TRUE,NRT,Asia Pacific,Tokyo,81,10.01
138.3.223.50,2083,2083,TRUE,NRT,Asia Pacific,Tokyo,87,10
141.147.168.13,2083,2083,TRUE,NRT,Asia Pacific,Tokyo,105,9.98
152.67.135.222,443,443,TRUE,FRA,Europe,Frankfurt,215,9.93
144.21.59.145,443,443,TRUE,FRA,Europe,Frankfurt,211,9.93
158.178.158.93,443,443,TRUE,FRA,Europe,Frankfurt,178,9.93
158.101.146.160,2083,2083,TRUE,NRT,Asia Pacific,Tokyo,77,9.91
158.101.149.122,8443,8443,TRUE,NRT,Asia Pacific,Tokyo,150,9.9
132.226.213.211,443,443,TRUE,FRA,Europe,Frankfurt,207,9.9
141.147.181.148,2096,2096,TRUE,NRT,Asia Pacific,Tokyo,114,9.9
141.147.53.31,443,443,TRUE,FRA,Europe,Frankfurt,168,9.9
158.101.221.69,443,443,TRUE,FRA,Europe,Frankfurt,190,9.89
152.70.62.105,443,443,TRUE,AMS,Europe,Amsterdam,228,9.89
141.144.192.13,443,443,TRUE,FRA,Europe,Frankfurt,171,9.87
141.147.106.208,443,443,TRUE,FRA,Europe,Frankfurt,242,9.86
132.145.120.103,2096,2096,TRUE,NRT,Asia Pacific,Tokyo,161,9.86
132.226.202.121,443,443,TRUE,FRA,Europe,Frankfurt,177,9.85
152.70.98.174,2083,2083,TRUE,NRT,Asia Pacific,Tokyo,143,9.84
131.186.43.107,8443,8443,TRUE,NRT,Asia Pacific,Tokyo,110,9.84
158.101.70.155,2096,2096,TRUE,NRT,Asia Pacific,Tokyo,99,9.83
131.186.59.94,8443,8443,TRUE,NRT,Asia Pacific,Tokyo,99,9.82
144.21.52.36,443,443,TRUE,AMS,Europe,Amsterdam,180,9.82
140.238.54.164,2083,2083,TRUE,NRT,Asia Pacific,Tokyo,81,9.81
144.21.51.1,443,443,TRUE,CDG,Europe,Paris,183,9.81
151.145.71.40,2096,2096,TRUE,NRT,Asia Pacific,Tokyo,96,9.8
131.186.62.26,2087,2087,TRUE,NRT,Asia Pacific,Tokyo,114,9.79
158.101.65.24,2083,2083,TRUE,NRT,Asia Pacific,Tokyo,88,9.79
131.186.37.191,8443,8443,TRUE,NRT,Asia Pacific,Tokyo,101,9.78
158.101.211.160,443,443,TRUE,FRA,Europe,Frankfurt,190,9.78
158.101.131.218,8443,8443,TRUE,NRT,Asia Pacific,Tokyo,80,9.78
152.70.52.253,443,443,TRUE,FRA,Europe,Frankfurt,174,9.76
158.101.158.251,8443,8443,TRUE,NRT,Asia Pacific,Tokyo,111,9.76
143.47.177.210,443,443,TRUE,FRA,Europe,Frankfurt,225,9.76
84.235.172.28,443,443,TRUE,FRA,Europe,Frankfurt,200,9.76
84.235.164.143,443,443,TRUE,FRA,Europe,Frankfurt,177,9.75
131.186.38.135,2087,2087,TRUE,NRT,Asia Pacific,Tokyo,101,9.75
141.147.168.159,2087,2087,TRUE,NRT,Asia Pacific,Tokyo,76,9.75
131.186.60.162,2083,2083,TRUE,NRT,Asia Pacific,Tokyo,99,9.74
141.147.183.96,8443,8443,TRUE,NRT,Asia Pacific,Tokyo,100,9.72
84.235.175.139,443,443,TRUE,FRA,Europe,Frankfurt,183,9.72
143.47.234.126,443,443,TRUE,FRA,Europe,Frankfurt,180,9.72
141.144.200.129,443,443,TRUE,CDG,Europe,Paris,174,9.72
132.145.244.192,443,443,TRUE,FRA,Europe,Frankfurt,205,9.71
131.186.47.255,2087,2087,TRUE,NRT,Asia Pacific,Tokyo,115,9.71
131.186.60.162,2096,2096,TRUE,NRT,Asia Pacific,Tokyo,77,9.7
141.147.43.32,443,443,TRUE,FRA,Europe,Frankfurt,165,9.7
138.2.169.220,443,443,TRUE,FRA,Europe,Frankfurt,167,9.68
141.147.162.204,2096,2096,TRUE,NRT,Asia Pacific,Tokyo,153,9.68
132.145.123.238,8443,8443,TRUE,NRT,Asia Pacific,Tokyo,79,9.67
158.101.155.158,2087,2087,TRUE,NRT,Asia Pacific,Tokyo,82,9.67
144.24.78.162,443,443,TRUE,ICN,Asia Pacific,Seoul,89,9.66
130.162.61.130,443,443,TRUE,FRA,Europe,Frankfurt,207,9.66
152.70.50.242,443,443,TRUE,FRA,Europe,Frankfurt,262,9.65
131.186.36.248,2083,2083,TRUE,NRT,Asia Pacific,Tokyo,88,9.65
143.47.182.0,443,443,TRUE,FRA,Europe,Frankfurt,183,9.65
132.145.123.14,2096,2096,TRUE,NRT,Asia Pacific,Tokyo,80,9.65
138.3.212.226,2053,2053,TRUE,NRT,Asia Pacific,Tokyo,108,9.65
158.101.140.154,2083,2083,TRUE,NRT,Asia Pacific,Tokyo,128,9.64
141.145.199.188,443,443,TRUE,CDG,Europe,Paris,167,9.64
141.147.47.82,443,443,TRUE,FRA,Europe,Frankfurt,199,9.64
132.145.114.4,2083,2083,TRUE,NRT,Asia Pacific,Tokyo,92,9.64
155.248.160.116,2053,2053,TRUE,NRT,Asia Pacific,Tokyo,71,9.63
141.144.193.177,443,443,TRUE,FRA,Europe,Frankfurt,196,9.63
141.147.183.96,2083,2083,TRUE,NRT,Asia Pacific,Tokyo,120,9.62
131.186.41.82,2053,2053,TRUE,NRT,Asia Pacific,Tokyo,105,9.61
131.186.34.244,2087,2087,TRUE,NRT,Asia Pacific,Tokyo,117,9.61
158.101.147.4,2087,2087,TRUE,NRT,Asia Pacific,Tokyo,92,9.61
131.186.45.88,2053,2053,TRUE,NRT,Asia Pacific,Tokyo,126,9.59
132.145.123.238,2096,2096,TRUE,NRT,Asia Pacific,Tokyo,74,9.58
138.3.220.4,2096,2096,TRUE,NRT,Asia Pacific,Tokyo,77,9.58
152.67.139.187,443,443,TRUE,FRA,Europe,Frankfurt,212,9.57
158.101.136.239,2053,2053,TRUE,NRT,Asia Pacific,Tokyo,102,9.56
150.230.117.32,443,443,TRUE,CDG,Europe,Paris,213,9.56
131.186.38.135,2096,2096,TRUE,NRT,Asia Pacific,Tokyo,144,9.54
132.145.115.17,2083,2083,TRUE,NRT,Asia Pacific,Tokyo,89,9.54
141.147.178.115,2083,2083,TRUE,NRT,Asia Pacific,Tokyo,107,9.53
141.147.162.204,2053,2053,TRUE,NRT,Asia Pacific,Tokyo,81,9.52
138.3.218.160,2087,2087,TRUE,NRT,Asia Pacific,Tokyo,108,9.5
141.147.28.1,443,443,TRUE,FRA,Europe,Frankfurt,236,9.49
158.101.143.49,2096,2096,TRUE,NRT,Asia Pacific,Tokyo,115,9.49
151.145.64.170,8443,8443,TRUE,NRT,Asia Pacific,Tokyo,345,9.49
158.101.95.113,2083,2083,TRUE,NRT,Asia Pacific,Tokyo,156,9.48
132.145.115.17,2087,2087,TRUE,NRT,Asia Pacific,Tokyo,86,9.46
141.147.167.40,8443,8443,TRUE,NRT,Asia Pacific,Tokyo,137,9.45
132.226.214.34,443,443,TRUE,FRA,Europe,Frankfurt,264,9.44
141.147.166.95,2096,2096,TRUE,NRT,Asia Pacific,Tokyo,77,9.44
84.235.174.60,443,443,TRUE,FRA,Europe,Frankfurt,194,9.44
144.24.176.217,443,443,TRUE,FRA,Europe,Frankfurt,212,9.43
138.3.223.70,2087,2087,TRUE,NRT,Asia Pacific,Tokyo,84,9.43
84.235.169.51,443,443,TRUE,AMS,Europe,Amsterdam,200,9.43
131.186.59.94,2053,2053,TRUE,NRT,Asia Pacific,Tokyo,87,9.42
144.21.40.142,443,443,TRUE,FRA,Europe,Frankfurt,184,9.42
158.178.151.248,443,443,TRUE,FRA,Europe,Frankfurt,183,9.4
144.21.58.106,443,443,TRUE,FRA,Europe,Frankfurt,180,9.4
152.67.128.248,443,443,TRUE,FRA,Europe,Frankfurt,223,9.4
131.186.34.244,8443,8443,TRUE,NRT,Asia Pacific,Tokyo,117,9.38
141.147.169.195,2083,2083,TRUE,NRT,Asia Pacific,Tokyo,107,9.38
141.147.167.44,2053,2053,TRUE,NRT,Asia Pacific,Tokyo,127,9.38
144.24.187.191,443,443,TRUE,AMS,Europe,Amsterdam,166,9.37
141.144.206.202,443,443,TRUE,FRA,Europe,Frankfurt,195,9.36
158.101.206.70,8443,443,TRUE,AMS,Europe,Amsterdam,190,9.36
141.147.166.189,2087,2087,TRUE,NRT,Asia Pacific,Tokyo,92,9.35
132.145.121.247,2053,2053,TRUE,NRT,Asia Pacific,Tokyo,79,9.33
131.186.39.42,2083,2083,TRUE,NRT,Asia Pacific,Tokyo,87,9.33
158.178.146.195,443,443,TRUE,FRA,Europe,Frankfurt,175,9.32
131.186.62.26,8443,8443,TRUE,NRT,Asia Pacific,Tokyo,150,9.32
141.144.196.81,443,443,TRUE,FRA,Europe,Frankfurt,174,9.32
193.123.38.178,443,443,TRUE,AMS,Europe,Amsterdam,186,9.31
158.101.146.165,8443,8443,TRUE,NRT,Asia Pacific,Tokyo,143,9.3
132.145.123.159,2053,2053,TRUE,NRT,Asia Pacific,Tokyo,97,9.3
168.138.200.155,2087,2087,TRUE,NRT,Asia Pacific,Tokyo,89,9.3
132.145.114.4,8443,8443,TRUE,NRT,Asia Pacific,Tokyo,175,9.3
141.147.30.179,443,443,TRUE,FRA,Europe,Frankfurt,183,9.3
132.145.113.148,8443,8443,TRUE,NRT,Asia Pacific,Tokyo,105,9.29
158.101.68.100,2083,2083,TRUE,NRT,Asia Pacific,Tokyo,127,9.29
158.101.69.144,8443,8443,TRUE,NRT,Asia Pacific,Tokyo,142,9.28
141.144.233.144,443,443,TRUE,FRA,Europe,Frankfurt,197,9.28
158.101.149.122,2096,2096,TRUE,NRT,Asia Pacific,Tokyo,135,9.26
141.145.206.16,8443,443,TRUE,CDG,Europe,Paris,163,9.24
152.70.106.21,2087,2087,TRUE,NRT,Asia Pacific,Tokyo,96,9.24
143.47.241.152,443,443,TRUE,FRA,Europe,Frankfurt,199,9.23
131.186.63.35,2096,2096,TRUE,NRT,Asia Pacific,Tokyo,98,9.22
151.145.71.127,2096,2096,TRUE,NRT,Asia Pacific,Tokyo,84,9.22
141.147.55.82,443,443,TRUE,SIN,Asia Pacific,Singapore,167,9.21
132.145.120.197,2096,2096,TRUE,NRT,Asia Pacific,Tokyo,94,9.19
158.101.149.52,2083,2083,TRUE,NRT,Asia Pacific,Tokyo,91,9.19
158.101.152.221,2096,2096,TRUE,NRT,Asia Pacific,Tokyo,199,9.18
152.67.141.193,443,443,TRUE,FRA,Europe,Frankfurt,213,9.17
143.47.233.220,443,443,TRUE,FRA,Europe,Frankfurt,209,9.17
138.3.220.4,2087,2087,TRUE,NRT,Asia Pacific,Tokyo,75,9.17
143.47.229.215,443,0,TRUE,FRA,Europe,Frankfurt,207,9.16
138.3.216.67,2083,2083,TRUE,NRT,Asia Pacific,Tokyo,90,9.15
168.138.207.64,8443,8443,TRUE,NRT,Asia Pacific,Tokyo,75,9.13
141.147.166.95,2087,2087,TRUE,NRT,Asia Pacific,Tokyo,118,9.12
158.101.140.255,2087,2087,TRUE,NRT,Asia Pacific,Tokyo,114,9.11
143.47.244.132,443,443,TRUE,FRA,Europe,Frankfurt,194,9.1
152.70.104.69,2083,2083,TRUE,NRT,Asia Pacific,Tokyo,96,9.1
138.3.223.70,2053,2053,TRUE,NRT,Asia Pacific,Tokyo,109,9.1
141.147.56.176,443,443,TRUE,AMS,Europe,Amsterdam,205,9.1
89.168.114.244,443,0,TRUE,FRA,Europe,Frankfurt,193,9.1
158.101.149.71,2053,2053,TRUE,NRT,Asia Pacific,Tokyo,111,9.09
141.147.168.13,8443,8443,TRUE,NRT,Asia Pacific,Tokyo,89,9.08
132.145.127.51,2083,2083,TRUE,NRT,Asia Pacific,Tokyo,83,9.07
131.186.43.107,2053,2053,TRUE,NRT,Asia Pacific,Tokyo,125,9.07
141.144.224.182,443,443,TRUE,FRA,Europe,Frankfurt,180,9.06
131.186.37.49,2053,2053,TRUE,NRT,Asia Pacific,Tokyo,119,9.06
143.47.231.216,443,443,TRUE,FRA,Europe,Frankfurt,188,9.06
138.3.223.50,2096,2096,TRUE,NRT,Asia Pacific,Tokyo,83,9.04
151.145.65.8,2053,2053,TRUE,NRT,Asia Pacific,Tokyo,86,9.03
140.238.69.242,443,443,TRUE,LHR,Europe,London,178,9.02
151.145.66.219,2087,2087,TRUE,NRT,Asia Pacific,Tokyo,89,9.01
150.230.22.84,443,443,TRUE,FRA,Europe,Frankfurt,205,9.01
155.248.160.83,2096,2096,TRUE,NRT,Asia Pacific,Tokyo,101,9.01
141.147.112.48,443,443,TRUE,FRA,Europe,Frankfurt,199,8.99
138.3.208.9,8443,8443,TRUE,NRT,Asia Pacific,Tokyo,164,8.99
132.145.120.118,8443,8443,TRUE,NRT,Asia Pacific,Tokyo,90,8.99
158.101.68.100,2096,2096,TRUE,NRT,Asia Pacific,Tokyo,76,8.98
155.248.160.116,2083,2083,TRUE,NRT,Asia Pacific,Tokyo,77,8.95
141.147.189.23,2083,2083,TRUE,NRT,Asia Pacific,Tokyo,99,8.95
132.145.114.14,2087,2087,TRUE,NRT,Asia Pacific,Tokyo,69,8.94
141.147.8.211,443,443,TRUE,FRA,Europe,Frankfurt,185,8.94
131.186.47.255,2083,2083,TRUE,NRT,Asia Pacific,Tokyo,127,8.94
144.24.85.158,443,443,TRUE,ICN,Asia Pacific,Seoul,80,8.93
151.145.74.199,2083,2083,TRUE,NRT,Asia Pacific,Tokyo,222,8.91
138.3.212.226,2096,2096,TRUE,NRT,Asia Pacific,Tokyo,130,8.91
138.3.212.162,2083,2083,TRUE,NRT,Asia Pacific,Tokyo,72,8.91
158.101.88.214,2083,2083,TRUE,NRT,Asia Pacific,Tokyo,156,8.91
131.186.63.184,2096,2096,TRUE,NRT,Asia Pacific,Tokyo,74,8.9
144.21.61.211,443,443,TRUE,FRA,Europe,Frankfurt,178,8.9
131.186.59.94,2083,2083,TRUE,NRT,Asia Pacific,Tokyo,103,8.89
158.101.68.100,2087,2087,TRUE,NRT,Asia Pacific,Tokyo,113,8.88
132.145.112.247,2053,2053,TRUE,NRT,Asia Pacific,Tokyo,104,8.88
143.47.180.99,443,443,TRUE,FRA,Europe,Frankfurt,228,8.86
131.186.36.248,8443,8443,TRUE,NRT,Asia Pacific,Tokyo,73,8.86
141.147.166.189,2096,2096,TRUE,NRT,Asia Pacific,Tokyo,100,8.85
158.101.150.126,8443,8443,TRUE,NRT,Asia Pacific,Tokyo,88,8.85
151.145.74.199,2053,2053,TRUE,NRT,Asia Pacific,Tokyo,99,8.84
151.145.68.166,2096,2096,TRUE,NRT,Asia Pacific,Tokyo,74,8.83
132.145.66.113,443,443,TRUE,FRA,Europe,Frankfurt,190,8.83
138.3.218.160,2083,2083,TRUE,NRT,Asia Pacific,Tokyo,111,8.82
158.101.159.181,2087,2087,TRUE,NRT,Asia Pacific,Tokyo,70,8.81
158.101.149.71,2087,2087,TRUE,NRT,Asia Pacific,Tokyo,121,8.8
131.186.36.248,2087,2087,TRUE,NRT,Asia Pacific,Tokyo,89,8.79
140.238.35.195,2096,2096,TRUE,NRT,Asia Pacific,Tokyo,78,8.79
144.24.175.251,443,443,TRUE,FRA,Europe,Frankfurt,167,8.78
158.101.146.160,2053,2053,TRUE,NRT,Asia Pacific,Tokyo,82,8.78
132.145.120.103,8443,8443,TRUE,NRT,Asia Pacific,Tokyo,116,8.77
168.138.205.195,8443,8443,TRUE,NRT,Asia Pacific,Tokyo,92,8.76
140.238.35.78,2087,2087,TRUE,NRT,Asia Pacific,Tokyo,80,8.75
141.144.205.79,443,443,TRUE,FRA,Europe,Frankfurt,195,8.75
168.138.206.236,2096,2096,TRUE,NRT,Asia Pacific,Tokyo,91,8.74
158.101.159.212,8443,8443,TRUE,NRT,Asia Pacific,Tokyo,87,8.74
132.145.125.86,2096,2096,TRUE,NRT,Asia Pacific,Tokyo,68,8.74
158.101.149.81,2083,2083,TRUE,NRT,Asia Pacific,Tokyo,79,8.72
132.145.121.123,2096,2096,TRUE,NRT,Asia Pacific,Tokyo,137,8.71
152.67.143.26,443,443,TRUE,FRA,Europe,Frankfurt,242,8.69
158.101.146.160,2087,2087,TRUE,NRT,Asia Pacific,Tokyo,130,8.69
152.67.137.166,443,443,TRUE,FRA,Europe,Frankfurt,220,8.69
131.186.43.207,2087,2087,TRUE,NRT,Asia Pacific,Tokyo,78,8.69
143.47.189.204,443,443,TRUE,FRA,Europe,Frankfurt,212,8.68
141.147.165.179,2096,2096,TRUE,NRT,Asia Pacific,Tokyo,179,8.65
132.145.127.21,2083,2083,TRUE,NRT,Asia Pacific,Tokyo,75,8.65
152.70.106.21,2096,2096,TRUE,NRT,Asia Pacific,Tokyo,131,8.62
131.186.41.82,8443,8443,TRUE,NRT,Asia Pacific,Tokyo,96,8.61
158.101.140.154,8443,8443,TRUE,NRT,Asia Pacific,Tokyo,106,8.59
143.47.241.15,443,443,TRUE,AMS,Europe,Amsterdam,196,8.57
132.145.123.112,2053,2053,TRUE,NRT,Asia Pacific,Tokyo,75,8.56
168.138.205.38,2096,2096,TRUE,NRT,Asia Pacific,Tokyo,120,8.55
151.145.74.56,2087,2087,TRUE,NRT,Asia Pacific,Tokyo,142,8.55
152.70.106.195,2053,2053,TRUE,NRT,Asia Pacific,Tokyo,111,8.54
158.101.65.24,2087,2087,TRUE,NRT,Asia Pacific,Tokyo,71,8.53
141.147.162.204,2083,2083,TRUE,NRT,Asia Pacific,Tokyo,108,8.52
158.101.140.255,2053,2053,TRUE,NRT,Asia Pacific,Tokyo,197,8.51
140.238.54.184,8443,8443,TRUE,NRT,Asia Pacific,Tokyo,92,8.5
132.226.209.180,443,443,TRUE,AMS,Europe,Amsterdam,179,8.49
144.21.32.193,2053,443,TRUE,AMS,Europe,Amsterdam,191,8.48
131.186.60.162,8443,8443,TRUE,NRT,Asia Pacific,Tokyo,118,8.46
158.101.92.156,2083,2083,TRUE,NRT,Asia Pacific,Tokyo,98,8.46
158.101.206.70,2053,443,TRUE,AMS,Europe,Amsterdam,190,8.46
138.3.223.50,2087,2087,TRUE,NRT,Asia Pacific,Tokyo,70,8.45
132.145.121.175,2096,2096,TRUE,NRT,Asia Pacific,Tokyo,89,8.43
130.61.23.77,443,443,TRUE,FRA,Europe,Frankfurt,165,8.41
138.3.212.162,2096,2096,TRUE,NRT,Asia Pacific,Tokyo,88,8.41
158.101.147.4,2083,2083,TRUE,NRT,Asia Pacific,Tokyo,92,8.4
141.147.115.186,443,443,TRUE,FRA,Europe,Frankfurt,214,8.39
141.147.186.210,2053,2053,TRUE,NRT,Asia Pacific,Tokyo,80,8.39
132.145.14.158,443,443,TRUE,FRA,Europe,Frankfurt,213,8.38
152.70.62.96,443,443,TRUE,FRA,Europe,Frankfurt,210,8.36
132.145.117.216,2096,2096,TRUE,NRT,Asia Pacific,Tokyo,89,8.35
141.147.169.195,2087,2087,TRUE,NRT,Asia Pacific,Tokyo,107,8.35
152.70.99.218,2083,2083,TRUE,NRT,Asia Pacific,Tokyo,115,8.34
141.147.165.179,2083,2083,TRUE,NRT,Asia Pacific,Tokyo,182,8.34
158.101.149.122,2053,2053,TRUE,NRT,Asia Pacific,Tokyo,70,8.33
132.145.120.103,2083,2083,TRUE,NRT,Asia Pacific,Tokyo,114,8.31
158.101.149.71,8443,8443,TRUE,NRT,Asia Pacific,Tokyo,119,8.31
143.47.255.251,443,0,TRUE,FRA,Europe,Frankfurt,213,8.31
132.145.121.34,2083,2083,TRUE,NRT,Asia Pacific,Tokyo,139,8.3
141.147.166.189,2083,2083,TRUE,NRT,Asia Pacific,Tokyo,94,8.3
132.145.127.21,2053,2053,TRUE,NRT,Asia Pacific,Tokyo,85,8.28
158.101.81.4,2096,2096,TRUE,NRT,Asia Pacific,Tokyo,78,8.28
132.145.124.198,2053,2053,TRUE,NRT,Asia Pacific,Tokyo,83,8.27
158.101.68.100,8443,8443,TRUE,NRT,Asia Pacific,Tokyo,98,8.25
158.101.136.239,8443,8443,TRUE,NRT,Asia Pacific,Tokyo,123,8.22
132.145.120.182,8443,8443,TRUE,NRT,Asia Pacific,Tokyo,85,8.22
151.145.68.166,2083,2083,TRUE,NRT,Asia Pacific,Tokyo,168,8.21
158.101.159.181,2083,2083,TRUE,NRT,Asia Pacific,Tokyo,137,8.16
158.101.84.123,2087,2087,TRUE,NRT,Asia Pacific,Tokyo,101,8.16
158.101.149.122,2087,2087,TRUE,NRT,Asia Pacific,Tokyo,108,8.15
152.70.106.185,2083,2083,TRUE,NRT,Asia Pacific,Tokyo,117,8.15
158.101.140.255,2096,2096,TRUE,NRT,Asia Pacific,Tokyo,124,8.15
158.101.137.74,2096,2096,TRUE,NRT,Asia Pacific,Tokyo,83,8.15
158.101.84.123,2096,2096,TRUE,NRT,Asia Pacific,Tokyo,114,8.14
158.101.89.33,2053,2053,TRUE,NRT,Asia Pacific,Tokyo,87,8.14
158.101.95.113,2053,2053,TRUE,NRT,Asia Pacific,Tokyo,82,8.13
158.101.154.70,2083,2083,TRUE,NRT,Asia Pacific,Tokyo,218,8.12
158.101.210.212,443,443,TRUE,FRA,Europe,Frankfurt,251,8.12
151.145.74.56,2096,2096,TRUE,NRT,Asia Pacific,Tokyo,100,8.09
152.67.150.147,443,443,TRUE,FRA,Europe,Frankfurt,217,8.09
152.70.102.124,8443,8443,TRUE,HKG,Asia Pacific,Hong Kong,160,8.08
152.70.103.145,2096,2096,TRUE,NRT,Asia Pacific,Tokyo,153,8.07
138.3.218.160,8443,8443,TRUE,NRT,Asia Pacific,Tokyo,95,8.07
131.186.43.207,2096,2096,TRUE,NRT,Asia Pacific,Tokyo,90,8.05
141.147.174.7,8443,8443,TRUE,NRT,Asia Pacific,Tokyo,129,8.03
158.101.140.255,8443,8443,TRUE,NRT,Asia Pacific,Tokyo,93,8.02
158.101.154.70,8443,8443,TRUE,NRT,Asia Pacific,Tokyo,180,8
168.138.198.202,8443,8443,TRUE,NRT,Asia Pacific,Tokyo,88,8
131.186.45.88,2096,2096,TRUE,NRT,Asia Pacific,Tokyo,88,7.98
158.101.137.96,2087,2087,TRUE,NRT,Asia Pacific,Tokyo,93,7.97
152.70.103.145,2053,2053,TRUE,NRT,Asia Pacific,Tokyo,155,7.97
151.145.75.28,2083,2083,TRUE,NRT,Asia Pacific,Tokyo,77,7.96
132.145.124.198,8443,8443,TRUE,NRT,Asia Pacific,Tokyo,82,7.96
168.138.198.53,2087,2087,TRUE,NRT,Asia Pacific,Tokyo,77,7.96
158.101.84.123,2053,2053,TRUE,NRT,Asia Pacific,Tokyo,140,7.94
132.145.123.14,2087,2087,TRUE,NRT,Asia Pacific,Tokyo,88,7.92
143.47.177.103,443,443,TRUE,FRA,Europe,Frankfurt,203,7.92
141.144.254.178,443,443,TRUE,FRA,Europe,Frankfurt,252,7.91
141.147.191.211,8443,8443,TRUE,NRT,Asia Pacific,Tokyo,81,7.91
152.70.111.251,2087,2087,TRUE,NRT,Asia Pacific,Tokyo,93,7.9
140.238.36.248,2087,2087,TRUE,NRT,Asia Pacific,Tokyo,100,7.89
152.70.98.174,2096,2096,TRUE,NRT,Asia Pacific,Tokyo,87,7.89
129.146.247.85,2053,443,TRUE,LAX,North America,Los Angeles,183,7.88
158.101.146.203,2053,2053,TRUE,NRT,Asia Pacific,Tokyo,217,7.85
132.145.114.14,2053,2053,TRUE,NRT,Asia Pacific,Tokyo,89,7.85
143.47.252.208,443,443,TRUE,FRA,Europe,Frankfurt,193,7.84
141.147.181.242,2053,2053,TRUE,NRT,Asia Pacific,Tokyo,111,7.82
140.238.32.184,2096,2096,TRUE,NRT,Asia Pacific,Tokyo,85,7.8
168.138.207.64,2083,2083,TRUE,NRT,Asia Pacific,Tokyo,84,7.79
152.70.106.185,8443,8443,TRUE,NRT,Asia Pacific,Tokyo,123,7.78
140.238.48.97,2087,2087,TRUE,NRT,Asia Pacific,Tokyo,71,7.77
138.3.212.144,2096,2096,TRUE,NRT,Asia Pacific,Tokyo,77,7.77
131.186.46.75,2053,2053,TRUE,NRT,Asia Pacific,Tokyo,105,7.76
138.3.212.144,2083,2083,TRUE,NRT,Asia Pacific,Tokyo,102,7.76
141.147.191.132,2096,2096,TRUE,NRT,Asia Pacific,Tokyo,88,7.76
132.145.115.17,2096,2096,TRUE,NRT,Asia Pacific,Tokyo,90,7.76
158.101.155.115,8443,8443,TRUE,NRT,Asia Pacific,Tokyo,88,7.75
141.147.182.70,2087,2087,TRUE,NRT,Asia Pacific,Tokyo,118,7.74
158.101.149.52,2096,2096,TRUE,NRT,Asia Pacific,Tokyo,193,7.71
141.147.174.190,2083,2083,TRUE,NRT,Asia Pacific,Tokyo,109,7.71
144.24.173.250,2053,443,TRUE,FRA,Europe,Frankfurt,171,7.67
131.186.36.248,2096,2096,TRUE,NRT,Asia Pacific,Tokyo,116,7.67
140.238.39.33,2087,2087,TRUE,NRT,Asia Pacific,Tokyo,92,7.66
141.147.164.153,2053,2053,TRUE,NRT,Asia Pacific,Tokyo,139,7.66
131.186.58.151,2083,2083,TRUE,NRT,Asia Pacific,Tokyo,81,7.65
129.146.60.210,443,443,TRUE,LAX,North America,Los Angeles,222,7.65
131.186.63.184,2087,2087,TRUE,NRT,Asia Pacific,Tokyo,108,7.64
152.70.106.195,2087,2087,TRUE,NRT,Asia Pacific,Tokyo,113,7.64
158.101.155.158,8443,8443,TRUE,NRT,Asia Pacific,Tokyo,127,7.64
132.145.121.247,2087,2087,TRUE,NRT,Asia Pacific,Tokyo,113,7.64
158.101.94.15,2087,2087,TRUE,NRT,Asia Pacific,Tokyo,93,7.63
158.101.155.246,8443,8443,TRUE,NRT,Asia Pacific,Tokyo,93,7.63
132.145.114.250,2083,2083,TRUE,NRT,Asia Pacific,Tokyo,75,7.63
132.145.114.4,2087,2087,TRUE,NRT,Asia Pacific,Tokyo,80,7.63
131.186.34.11,2053,2053,TRUE,NRT,Asia Pacific,Tokyo,88,7.56
141.147.178.202,8443,8443,TRUE,NRT,Asia Pacific,Tokyo,125,7.56
138.3.212.226,2087,2087,TRUE,NRT,Asia Pacific,Tokyo,84,7.54
131.186.37.191,2053,2053,TRUE,NRT,Asia Pacific,Tokyo,115,7.52
140.238.61.78,2096,2096,TRUE,NRT,Asia Pacific,Tokyo,84,7.5
140.238.58.42,2053,2053,TRUE,NRT,Asia Pacific,Tokyo,76,7.5
158.101.90.190,2087,2087,TRUE,NRT,Asia Pacific,Tokyo,166,7.49
138.3.216.67,2087,2087,TRUE,NRT,Asia Pacific,Tokyo,92,7.48
138.3.212.162,2053,2053,TRUE,NRT,Asia Pacific,Tokyo,102,7.48
141.147.163.68,443,443,TRUE,NRT,Asia Pacific,Tokyo,174,7.46
158.101.143.49,8443,8443,TRUE,NRT,Asia Pacific,Tokyo,162,7.45
158.101.149.52,8443,8443,TRUE,NRT,Asia Pacific,Tokyo,102,7.41
140.238.35.78,2083,2083,TRUE,NRT,Asia Pacific,Tokyo,69,7.4
131.186.37.49,2096,2096,TRUE,NRT,Asia Pacific,Tokyo,88,7.4
158.101.149.71,2096,2096,TRUE,NRT,Asia Pacific,Tokyo,110,7.37
140.238.50.99,2096,2096,TRUE,NRT,Asia Pacific,Tokyo,75,7.37
168.138.205.195,2096,2096,TRUE,NRT,Asia Pacific,Tokyo,78,7.37
129.146.84.236,443,443,TRUE,LAX,North America,Los Angeles,215,7.36
151.145.66.219,2083,2083,TRUE,NRT,Asia Pacific,Tokyo,75,7.36
158.101.149.81,8443,8443,TRUE,NRT,Asia Pacific,Tokyo,123,7.36
158.101.150.74,2087,2087,TRUE,NRT,Asia Pacific,Tokyo,83,7.35
152.70.106.195,2096,2096,TRUE,NRT,Asia Pacific,Tokyo,149,7.34
193.122.197.111,443,443,TRUE,IAD,North America,Ashburn,247,7.33
158.101.133.129,2053,2053,TRUE,NRT,Asia Pacific,Tokyo,102,7.32
158.101.137.96,2096,2096,TRUE,NRT,Asia Pacific,Tokyo,91,7.31
158.101.158.251,2087,2087,TRUE,NRT,Asia Pacific,Tokyo,107,7.31
140.238.54.166,8443,8443,TRUE,NRT,Asia Pacific,Tokyo,70,7.28
132.145.123.14,2053,2053,TRUE,NRT,Asia Pacific,Tokyo,70,7.28
168.138.200.159,2096,2096,TRUE,NRT,Asia Pacific,Tokyo,75,7.27
131.186.61.45,2083,2083,TRUE,NRT,Asia Pacific,Tokyo,114,7.26
158.101.68.48,2096,2096,TRUE,NRT,Asia Pacific,Tokyo,132,7.24
158.101.81.4,8443,8443,TRUE,NRT,Asia Pacific,Tokyo,88,7.23
132.145.124.198,2083,2083,TRUE,NRT,Asia Pacific,Tokyo,73,7.23
140.238.61.78,2087,2087,TRUE,NRT,Asia Pacific,Tokyo,69,7.22
158.101.94.15,8443,8443,TRUE,NRT,Asia Pacific,Tokyo,68,7.22
158.101.201.147,443,443,TRUE,FRA,Europe,Frankfurt,246,7.21
138.3.218.160,2096,2096,TRUE,NRT,Asia Pacific,Tokyo,86,7.2
132.145.122.95,2083,2083,TRUE,NRT,Asia Pacific,Tokyo,86,7.19
158.101.84.123,8443,8443,TRUE,NRT,Asia Pacific,Tokyo,91,7.18
132.145.113.148,2096,2096,TRUE,NRT,Asia Pacific,Tokyo,70,7.17
155.248.162.160,2087,2087,TRUE,NRT,Asia Pacific,Tokyo,99,7.17
138.3.210.114,2096,2096,TRUE,NRT,Asia Pacific,Tokyo,111,7.17
132.145.54.84,2053,443,TRUE,LHR,Europe,London,181,7.16
131.186.36.248,2053,2053,TRUE,NRT,Asia Pacific,Tokyo,85,7.16
140.238.60.177,2083,2083,TRUE,NRT,Asia Pacific,Tokyo,126,7.16
158.101.150.126,2096,2096,TRUE,NRT,Asia Pacific,Tokyo,97,7.15
158.101.65.24,8443,8443,TRUE,NRT,Asia Pacific,Tokyo,72,7.14
158.101.131.218,2053,2053,TRUE,NRT,Asia Pacific,Tokyo,124,7.14
151.145.70.28,8443,8443,TRUE,NRT,Asia Pacific,Tokyo,86,7.14
131.186.47.255,8443,8443,TRUE,NRT,Asia Pacific,Tokyo,90,7.13
151.145.68.104,2087,2087,TRUE,NRT,Asia Pacific,Tokyo,104,7.13
140.83.53.190,443,443,TRUE,KIX,Asia Pacific,Osaka,66,7.13
132.145.10.107,443,443,TRUE,FRA,Europe,Frankfurt,255,7.13
151.145.68.166,8443,8443,TRUE,NRT,Asia Pacific,Tokyo,94,7.13
168.138.200.159,2087,2087,TRUE,NRT,Asia Pacific,Tokyo,89,7.12
168.138.202.169,2053,2053,TRUE,NRT,Asia Pacific,Tokyo,71,7.11
138.3.216.67,8443,8443,TRUE,NRT,Asia Pacific,Tokyo,120,7.1
140.238.35.195,8443,8443,TRUE,NRT,Asia Pacific,Tokyo,82,7.09
131.186.35.189,2083,2083,TRUE,NRT,Asia Pacific,Tokyo,84,7.08
152.70.111.251,2096,2096,TRUE,NRT,Asia Pacific,Tokyo,68,7.07
140.238.44.118,2053,2053,TRUE,NRT,Asia Pacific,Tokyo,92,7.06
141.144.196.204,443,443,TRUE,FRA,Europe,Frankfurt,218,7.06
168.138.198.53,2083,2083,TRUE,NRT,Asia Pacific,Tokyo,92,7.04
193.123.57.161,443,443,TRUE,FRA,Europe,Frankfurt,240,7.03
132.145.121.123,2087,2087,TRUE,NRT,Asia Pacific,Tokyo,97,7.01
158.101.65.24,2053,2053,TRUE,NRT,Asia Pacific,Tokyo,126,7.01
138.3.223.50,2053,2053,TRUE,NRT,Asia Pacific,Tokyo,97,6.99
132.145.127.21,2087,2087,TRUE,NRT,Asia Pacific,Tokyo,78,6.99
158.101.69.144,2083,2083,TRUE,NRT,Asia Pacific,Tokyo,150,6.97
132.145.121.175,8443,8443,TRUE,NRT,Asia Pacific,Tokyo,95,6.97
131.186.47.223,2096,2096,TRUE,NRT,Asia Pacific,Tokyo,99,6.97
168.138.202.145,2083,2083,TRUE,NRT,Asia Pacific,Tokyo,88,6.96
158.101.155.158,2053,2053,TRUE,NRT,Asia Pacific,Tokyo,102,6.96
158.101.139.42,2053,2053,TRUE,NRT,Asia Pacific,Tokyo,85,6.94
141.147.164.123,8443,8443,TRUE,NRT,Asia Pacific,Tokyo,136,6.92
132.145.126.21,2083,2083,TRUE,NRT,Asia Pacific,Tokyo,71,6.9
132.145.54.84,8443,443,TRUE,LHR,Europe,London,193,6.89
168.138.202.145,2053,2053,TRUE,NRT,Asia Pacific,Tokyo,80,6.86
158.101.95.113,2096,2096,TRUE,NRT,Asia Pacific,Tokyo,79,6.86
140.238.59.255,2087,2087,TRUE,NRT,Asia Pacific,Tokyo,72,6.85
158.101.158.238,2087,2087,TRUE,NRT,Asia Pacific,Tokyo,75,6.84
158.101.147.4,2096,2096,TRUE,NRT,Asia Pacific,Tokyo,79,6.83
158.101.68.48,2083,2083,TRUE,NRT,Asia Pacific,Tokyo,150,6.81
132.145.123.143,2096,2096,TRUE,NRT,Asia Pacific,Tokyo,77,6.8
132.145.123.159,8443,8443,TRUE,NRT,Asia Pacific,Tokyo,84,6.79
158.101.68.48,2087,2087,TRUE,NRT,Asia Pacific,Tokyo,80,6.78
158.101.90.190,2083,2083,TRUE,NRT,Asia Pacific,Tokyo,109,6.77
140.238.41.253,2083,2083,TRUE,NRT,Asia Pacific,Tokyo,96,6.76
132.145.127.51,8443,8443,TRUE,NRT,Asia Pacific,Tokyo,74,6.75
158.101.159.212,2096,2096,TRUE,NRT,Asia Pacific,Tokyo,98,6.74
158.101.89.33,2087,2087,TRUE,NRT,Asia Pacific,Tokyo,160,6.73
158.101.81.4,2053,2053,TRUE,NRT,Asia Pacific,Tokyo,140,6.72
141.147.175.230,2083,2083,TRUE,NRT,Asia Pacific,Tokyo,146,6.69
168.138.206.236,2083,2083,TRUE,NRT,Asia Pacific,Tokyo,90,6.68
158.101.68.48,8443,8443,TRUE,NRT,Asia Pacific,Tokyo,169,6.65
140.238.50.99,8443,8443,TRUE,NRT,Asia Pacific,Tokyo,76,6.63
132.145.120.115,2087,2087,TRUE,NRT,Asia Pacific,Tokyo,106,6.62
132.145.126.21,2096,2096,TRUE,NRT,Asia Pacific,Tokyo,95,6.61
132.145.126.204,2083,2083,TRUE,NRT,Asia Pacific,Tokyo,88,6.6
151.145.69.174,2053,2053,TRUE,NRT,Asia Pacific,Tokyo,78,6.6
132.145.120.118,2083,2083,TRUE,NRT,Asia Pacific,Tokyo,102,6.58
158.101.158.238,2096,2096,TRUE,NRT,Asia Pacific,Tokyo,86,6.58
140.238.39.87,2087,2087,TRUE,NRT,Asia Pacific,Tokyo,79,6.57
158.101.71.60,443,443,TRUE,NRT,Asia Pacific,Tokyo,93,6.56
140.238.59.255,2053,2053,TRUE,NRT,Asia Pacific,Tokyo,81,6.56
140.238.60.177,8443,8443,TRUE,NRT,Asia Pacific,Tokyo,80,6.55
151.145.66.219,2053,2053,TRUE,NRT,Asia Pacific,Tokyo,86,6.54
132.145.125.165,2053,2053,TRUE,NRT,Asia Pacific,Tokyo,75,6.54
158.101.155.246,2087,2087,TRUE,NRT,Asia Pacific,Tokyo,93,6.54
158.101.139.42,2087,2087,TRUE,NRT,Asia Pacific,Tokyo,165,6.51
158.101.152.221,2087,2087,TRUE,NRT,Asia Pacific,Tokyo,85,6.5
84.235.170.70,443,443,TRUE,FRA,Europe,Frankfurt,228,6.5
131.186.34.11,2083,2083,TRUE,NRT,Asia Pacific,Tokyo,108,6.46
140.238.51.184,2087,2087,TRUE,NRT,Asia Pacific,Tokyo,94,6.45
168.138.205.195,2083,2083,TRUE,NRT,Asia Pacific,Tokyo,112,6.44
158.101.149.52,2087,2087,TRUE,NRT,Asia Pacific,Tokyo,111,6.44
151.145.65.8,2083,2083,TRUE,NRT,Asia Pacific,Tokyo,96,6.43
132.145.121.34,2053,2053,TRUE,NRT,Asia Pacific,Tokyo,104,6.43
140.238.33.165,2096,2096,TRUE,NRT,Asia Pacific,Tokyo,84,6.43
141.147.160.221,8443,8443,TRUE,NRT,Asia Pacific,Tokyo,83,6.42
168.138.206.236,2053,2053,TRUE,NRT,Asia Pacific,Tokyo,81,6.39
158.101.133.129,2096,2096,TRUE,NRT,Asia Pacific,Tokyo,162,6.38
158.101.70.155,2083,2083,TRUE,NRT,Asia Pacific,Tokyo,122,6.38
140.238.35.138,2053,2053,TRUE,NRT,Asia Pacific,Tokyo,94,6.34
151.145.68.166,2087,2087,TRUE,NRT,Asia Pacific,Tokyo,90,6.33
168.138.202.169,2096,2096,TRUE,NRT,Asia Pacific,Tokyo,108,6.33
158.101.152.221,2083,2083,TRUE,NRT,Asia Pacific,Tokyo,72,6.32
138.3.214.43,8443,8443,TRUE,NRT,Asia Pacific,Tokyo,86,6.32
131.186.47.223,2087,2087,TRUE,NRT,Asia Pacific,Tokyo,98,6.3
152.70.106.13,2053,2053,TRUE,NRT,Asia Pacific,Tokyo,110,6.25
132.145.11.103,443,443,TRUE,FRA,Europe,Frankfurt,178,6.24
158.101.148.221,2096,2096,TRUE,HKG,Asia Pacific,Hong Kong,183,6.24
131.186.37.49,2083,2083,TRUE,NRT,Asia Pacific,Tokyo,97,6.23
158.101.148.221,2087,2087,TRUE,HKG,Asia Pacific,Hong Kong,216,6.23
158.101.154.70,2096,2096,TRUE,NRT,Asia Pacific,Tokyo,138,6.21
141.147.168.159,2096,2096,TRUE,NRT,Asia Pacific,Tokyo,122,6.2
140.238.54.164,2053,2053,TRUE,NRT,Asia Pacific,Tokyo,81,6.2
158.101.155.115,2087,2087,TRUE,NRT,Asia Pacific,Tokyo,221,6.17
131.186.38.135,8443,8443,TRUE,NRT,Asia Pacific,Tokyo,119,6.17
193.123.57.89,443,443,TRUE,FRA,Europe,Frankfurt,170,6.17
158.101.159.212,2083,2083,TRUE,NRT,Asia Pacific,Tokyo,170,6.16
141.147.181.148,2083,2083,TRUE,NRT,Asia Pacific,Tokyo,108,6.16
138.3.217.39,2096,2096,TRUE,NRT,Asia Pacific,Tokyo,79,6.13
168.138.198.202,2096,2096,TRUE,NRT,Asia Pacific,Tokyo,77,6.12
168.138.202.145,2096,2096,TRUE,NRT,Asia Pacific,Tokyo,80,6.11
132.145.123.238,2087,2087,TRUE,NRT,Asia Pacific,Tokyo,70,6.1
131.186.41.255,2053,2053,TRUE,NRT,Asia Pacific,Tokyo,99,6.09
131.186.44.38,2053,2053,TRUE,NRT,Asia Pacific,Tokyo,97,6.05
140.238.54.164,8443,8443,TRUE,NRT,Asia Pacific,Tokyo,92,6.05
141.147.182.70,2083,2083,TRUE,NRT,Asia Pacific,Tokyo,87,6.04
158.101.95.113,8443,8443,TRUE,NRT,Asia Pacific,Tokyo,98,6.04
150.136.241.40,8443,443,TRUE,IAD,North America,Ashburn,245,6.04
168.138.200.155,2053,2053,TRUE,NRT,Asia Pacific,Tokyo,87,6.03
132.145.114.14,8443,8443,TRUE,NRT,Asia Pacific,Tokyo,92,6.01
141.147.174.190,2096,2096,TRUE,NRT,Asia Pacific,Tokyo,125,5.97
158.101.149.81,2053,2053,TRUE,NRT,Asia Pacific,Tokyo,93,5.96
168.138.205.38,2087,2087,TRUE,NRT,Asia Pacific,Tokyo,83,5.95
132.145.124.198,2087,2087,TRUE,NRT,Asia Pacific,Tokyo,77,5.94
158.101.150.126,2083,2083,TRUE,NRT,Asia Pacific,Tokyo,197,5.94
138.2.77.83,443,443,TRUE,SIN,Asia Pacific,Singapore,71,5.93
155.248.160.83,2053,2053,TRUE,NRT,Asia Pacific,Tokyo,79,5.92
132.145.126.204,8443,8443,TRUE,NRT,Asia Pacific,Tokyo,72,5.92
89.168.107.101,443,443,TRUE,FRA,Europe,Frankfurt,212,5.91
140.238.36.248,2083,2083,TRUE,NRT,Asia Pacific,Tokyo,96,5.89
140.238.32.238,2083,2083,TRUE,NRT,Asia Pacific,Tokyo,83,5.89
138.3.211.101,2087,2087,TRUE,NRT,Asia Pacific,Tokyo,87,5.89
132.145.113.148,2053,2053,TRUE,NRT,Asia Pacific,Tokyo,146,5.87
140.238.52.81,8443,8443,TRUE,NRT,Asia Pacific,Tokyo,86,5.85
138.3.217.39,2083,2083,TRUE,NRT,Asia Pacific,Tokyo,80,5.84
132.145.123.143,2083,2083,TRUE,NRT,Asia Pacific,Tokyo,89,5.84
129.146.248.140,443,443,TRUE,LAX,North America,Los Angeles,222,5.82
140.238.32.184,8443,8443,TRUE,NRT,Asia Pacific,Tokyo,77,5.82
168.138.205.195,2087,2087,TRUE,NRT,Asia Pacific,Tokyo,76,5.8
152.70.106.185,2053,2053,TRUE,NRT,Asia Pacific,Tokyo,110,5.8
168.138.52.13,443,443,TRUE,KIX,Asia Pacific,Osaka,66,5.73
158.101.95.113,2087,2087,TRUE,NRT,Asia Pacific,Tokyo,90,5.7
141.147.160.221,2083,2083,TRUE,NRT,Asia Pacific,Tokyo,81,5.7
158.101.219.251,443,443,TRUE,FRA,Europe,Frankfurt,233,5.69
158.101.70.155,2087,2087,TRUE,NRT,Asia Pacific,Tokyo,115,5.68
146.235.17.31,443,443,TRUE,SIN,Asia Pacific,Singapore,1,5.66
138.3.222.204,8443,8443,TRUE,NRT,Asia Pacific,Tokyo,83,5.62
139.185.34.245,443,443,TRUE,DXB,Middle East,Dubai,88,5.62
131.186.38.135,2053,2053,TRUE,NRT,Asia Pacific,Tokyo,120,5.6
158.101.148.221,8443,8443,TRUE,HKG,Asia Pacific,Hong Kong,172,5.58
132.145.121.247,2083,2083,TRUE,NRT,Asia Pacific,Tokyo,81,5.52
168.138.202.169,8443,8443,TRUE,NRT,Asia Pacific,Tokyo,107,5.52
152.67.139.78,443,443,TRUE,FRA,Europe,Frankfurt,499,5.51
168.138.205.38,8443,8443,TRUE,NRT,Asia Pacific,Tokyo,94,5.51
141.147.85.125,443,443,TRUE,FRA,Europe,Frankfurt,211,5.5
168.138.205.195,2053,2053,TRUE,NRT,Asia Pacific,Tokyo,121,5.49
143.47.251.254,443,443,TRUE,FRA,Europe,Frankfurt,263,5.48
129.154.52.239,443,0,TRUE,ICN,Asia Pacific,Seoul,85,5.46
144.24.173.250,2096,443,TRUE,FRA,Europe,Frankfurt,164,5.42
140.238.39.21,8443,8443,TRUE,NRT,Asia Pacific,Tokyo,73,5.4
140.238.41.167,2096,2096,TRUE,NRT,Asia Pacific,Tokyo,80,5.39
132.145.121.242,2087,2087,TRUE,HKG,Asia Pacific,Hong Kong,193,5.39
141.147.178.135,2087,2087,TRUE,HKG,Asia Pacific,Hong Kong,146,5.38
64.110.103.69,443,443,TRUE,KIX,Asia Pacific,Osaka,92,5.38
151.145.68.166,2053,2053,TRUE,NRT,Asia Pacific,Tokyo,100,5.35
141.147.178.135,2053,2053,TRUE,HKG,Asia Pacific,Hong Kong,154,5.35
132.145.115.17,8443,8443,TRUE,NRT,Asia Pacific,Tokyo,89,5.34
131.186.47.255,2096,2096,TRUE,NRT,Asia Pacific,Tokyo,102,5.34
141.147.95.162,443,443,TRUE,FRA,Europe,Frankfurt,219,5.34
158.101.149.81,2087,2087,TRUE,NRT,Asia Pacific,Tokyo,166,5.31
152.70.234.188,443,443,TRUE,NRT,Asia Pacific,Tokyo,93,5.3
132.145.112.247,2096,2096,TRUE,NRT,Asia Pacific,Tokyo,104,5.27
131.186.46.75,2083,2083,TRUE,NRT,Asia Pacific,Tokyo,81,5.26
168.138.206.109,2087,2087,TRUE,NRT,Asia Pacific,Tokyo,97,5.19
140.238.50.32,2096,2096,TRUE,NRT,Asia Pacific,Tokyo,100,5.17
131.186.43.207,2053,2053,TRUE,NRT,Asia Pacific,Tokyo,132,5.16
131.186.40.31,2087,2087,TRUE,HKG,Asia Pacific,Hong Kong,164,5.12
140.238.50.32,2083,2083,TRUE,NRT,Asia Pacific,Tokyo,82,5.09
168.138.206.109,2096,2096,TRUE,NRT,Asia Pacific,Tokyo,80,5.09
158.101.136.239,2096,2096,TRUE,NRT,Asia Pacific,Tokyo,86,5.08
132.145.126.21,2087,2087,TRUE,NRT,Asia Pacific,Tokyo,79,5.07
152.67.136.109,443,443,TRUE,FRA,Europe,Frankfurt,248,5.05
131.186.58.151,8443,8443,TRUE,NRT,Asia Pacific,Tokyo,199,4.99
131.186.60.162,2087,2087,TRUE,NRT,Asia Pacific,Tokyo,82,4.97
141.147.178.135,8443,8443,TRUE,HKG,Asia Pacific,Hong Kong,139,4.95
131.186.40.31,8443,8443,TRUE,HKG,Asia Pacific,Hong Kong,176,4.95
158.101.146.165,2053,2053,TRUE,NRT,Asia Pacific,Tokyo,94,4.94
140.238.48.97,8443,8443,TRUE,NRT,Asia Pacific,Tokyo,74,4.9
168.138.198.53,2096,2096,TRUE,NRT,Asia Pacific,Tokyo,97,4.9
158.101.68.48,2053,2053,TRUE,NRT,Asia Pacific,Tokyo,161,4.87
151.145.74.199,8443,8443,TRUE,NRT,Asia Pacific,Tokyo,81,4.85
168.138.205.38,2053,2053,TRUE,NRT,Asia Pacific,Tokyo,73,4.85
146.56.132.247,443,443,TRUE,NRT,Asia Pacific,Tokyo,139,4.82
158.101.149.122,2083,2083,TRUE,NRT,Asia Pacific,Tokyo,105,4.82
129.151.152.254,443,443,TRUE,AMS,Europe,Amsterdam,82,4.8
140.238.60.71,2087,2087,TRUE,NRT,Asia Pacific,Tokyo,82,4.76
152.70.111.251,2083,2083,TRUE,NRT,Asia Pacific,Tokyo,95,4.76
193.123.39.216,443,443,TRUE,FRA,Europe,Frankfurt,179,4.74
158.101.69.12,2087,2087,TRUE,NRT,Asia Pacific,Tokyo,95,4.72
158.101.131.218,2096,2096,TRUE,NRT,Asia Pacific,Tokyo,176,4.71
132.145.127.151,443,443,TRUE,NRT,Asia Pacific,Tokyo,82,4.69
151.145.69.105,2083,2083,TRUE,HKG,Asia Pacific,Hong Kong,137,4.68
131.186.45.88,8443,8443,TRUE,NRT,Asia Pacific,Tokyo,121,4.66
141.147.62.61,443,443,TRUE,FRA,Europe,Frankfurt,225,4.66
132.145.121.242,2096,2096,TRUE,HKG,Asia Pacific,Hong Kong,159,4.66
132.145.112.168,8443,8443,TRUE,NRT,Asia Pacific,Tokyo,101,4.65
193.123.36.139,443,443,TRUE,FRA,Europe,Frankfurt,240,4.65
168.138.206.109,2053,2053,TRUE,NRT,Asia Pacific,Tokyo,89,4.65
158.101.142.103,2087,2087,TRUE,NRT,Asia Pacific,Tokyo,75,4.65
84.235.169.234,443,443,TRUE,AMS,Europe,Amsterdam,171,4.64
140.238.41.167,8443,8443,TRUE,NRT,Asia Pacific,Tokyo,84,4.64
168.138.202.169,2087,2087,TRUE,NRT,Asia Pacific,Tokyo,73,4.63
132.145.121.175,2083,2083,TRUE,NRT,Asia Pacific,Tokyo,98,4.63
89.168.109.17,443,443,TRUE,FRA,Europe,Frankfurt,167,4.62
129.153.213.8,443,443,TRUE,LAX,North America,Los Angeles,177,4.62
138.3.218.124,443,443,TRUE,NRT,Asia Pacific,Tokyo,112,4.59
132.145.121.123,8443,8443,TRUE,NRT,Asia Pacific,Tokyo,105,4.58
131.186.63.184,2083,2083,TRUE,NRT,Asia Pacific,Tokyo,92,4.56
158.101.149.52,2053,2053,TRUE,NRT,Asia Pacific,Tokyo,73,4.55
152.70.59.90,8443,443,TRUE,AMS,Europe,Amsterdam,213,4.55
158.101.159.212,2087,2087,TRUE,NRT,Asia Pacific,Tokyo,74,4.54
141.147.40.44,8443,443,TRUE,FRA,Europe,Frankfurt,177,4.52
89.168.115.171,443,443,TRUE,FRA,Europe,Frankfurt,218,4.52
152.70.106.21,8443,8443,TRUE,NRT,Asia Pacific,Tokyo,114,4.52
141.145.205.115,8443,8443,TRUE,CDG,Europe,Paris,167,4.5
158.101.69.144,2053,2053,TRUE,NRT,Asia Pacific,Tokyo,93,4.48
141.147.94.255,443,443,TRUE,FRA,Europe,Frankfurt,200,4.48
158.101.142.103,8443,8443,TRUE,NRT,Asia Pacific,Tokyo,112,4.48
168.138.202.169,2083,2083,TRUE,NRT,Asia Pacific,Tokyo,92,4.48
131.186.47.223,2053,2053,TRUE,NRT,Asia Pacific,Tokyo,149,4.46
143.47.182.138,443,443,TRUE,FRA,Europe,Frankfurt,170,4.44
168.138.202.145,2087,2087,TRUE,NRT,Asia Pacific,Tokyo,86,4.4
152.70.56.209,8443,443,TRUE,AMS,Europe,Amsterdam,204,4.36
141.147.160.86,2053,2053,TRUE,NRT,Asia Pacific,Tokyo,103,4.36
131.186.44.38,8443,8443,TRUE,NRT,Asia Pacific,Tokyo,99,4.36
158.101.205.146,443,443,TRUE,FRA,Europe,Frankfurt,186,4.35
141.144.232.159,443,443,TRUE,FRA,Europe,Frankfurt,200,4.34
140.238.54.184,2087,2087,TRUE,NRT,Asia Pacific,Tokyo,75,4.34
141.147.71.249,443,443,TRUE,FRA,Europe,Frankfurt,206,4.33
89.168.81.91,443,443,TRUE,AMS,Europe,Amsterdam,166,4.32
152.67.150.119,443,443,TRUE,FRA,Europe,Frankfurt,237,4.31
131.186.59.232,8443,8443,TRUE,HKG,Asia Pacific,Hong Kong,164,4.3
131.186.40.31,2096,2096,TRUE,HKG,Asia Pacific,Hong Kong,175,4.3
168.138.207.64,2053,2053,TRUE,NRT,Asia Pacific,Tokyo,77,4.3
132.145.120.197,2053,2053,TRUE,NRT,Asia Pacific,Tokyo,108,4.29
140.238.48.97,2083,2083,TRUE,NRT,Asia Pacific,Tokyo,94,4.27
141.144.239.233,443,443,TRUE,FRA,Europe,Frankfurt,175,4.25
152.70.102.124,2083,2083,TRUE,HKG,Asia Pacific,Hong Kong,144,4.21
140.238.32.112,2087,2087,TRUE,NRT,Asia Pacific,Tokyo,77,4.1
138.2.165.149,443,443,TRUE,FRA,Europe,Frankfurt,188,4.1
168.138.45.96,443,443,TRUE,KIX,Asia Pacific,Osaka,92,4.1
158.101.94.15,2053,2053,TRUE,NRT,Asia Pacific,Tokyo,118,4.07
144.24.169.81,2053,443,TRUE,FRA,Europe,Frankfurt,173,4.05
132.145.122.95,2053,2053,TRUE,NRT,Asia Pacific,Tokyo,85,4.02
158.101.159.181,2053,2053,TRUE,NRT,Asia Pacific,Tokyo,176,4.01
158.101.136.239,2083,2083,TRUE,NRT,Asia Pacific,Tokyo,100,3.97
141.147.83.245,443,443,TRUE,FRA,Europe,Frankfurt,215,3.93
131.186.59.232,2087,2087,TRUE,HKG,Asia Pacific,Hong Kong,146,3.92
64.110.104.30,443,443,TRUE,KIX,Asia Pacific,Osaka,72,3.86
158.101.220.66,443,443,TRUE,FRA,Europe,Frankfurt,195,3.85
140.238.35.195,2083,2083,TRUE,NRT,Asia Pacific,Tokyo,87,3.85
140.238.54.182,2096,2096,TRUE,NRT,Asia Pacific,Tokyo,84,3.85
141.147.175.230,2087,2087,TRUE,NRT,Asia Pacific,Tokyo,80,3.84
158.101.146.165,2096,2096,TRUE,NRT,Asia Pacific,Tokyo,144,3.84
168.138.206.236,2087,2087,TRUE,NRT,Asia Pacific,Tokyo,108,3.8
141.147.86.234,443,443,TRUE,FRA,Europe,Frankfurt,200,3.8
141.147.79.184,443,443,TRUE,FRA,Europe,Frankfurt,208,3.8
141.144.205.226,443,443,TRUE,FRA,Europe,Frankfurt,190,3.78
152.70.102.124,2053,2053,TRUE,HKG,Asia Pacific,Hong Kong,196,3.77
158.101.175.51,8443,443,TRUE,FRA,Europe,Frankfurt,199,3.72
132.145.121.242,8443,8443,TRUE,HKG,Asia Pacific,Hong Kong,284,3.72
140.238.61.224,2096,2096,TRUE,NRT,Asia Pacific,Tokyo,87,3.7
140.238.58.42,2096,2096,TRUE,NRT,Asia Pacific,Tokyo,70,3.69
132.145.120.182,2053,2053,TRUE,NRT,Asia Pacific,Tokyo,80,3.63
132.145.121.125,2083,2083,TRUE,NRT,Asia Pacific,Tokyo,71,3.58
131.186.40.31,2053,2053,TRUE,HKG,Asia Pacific,Hong Kong,184,3.57
138.3.208.9,2053,2053,TRUE,NRT,Asia Pacific,Tokyo,174,3.56
158.101.137.74,2053,2053,TRUE,NRT,Asia Pacific,Tokyo,70,3.55
132.145.123.14,8443,8443,TRUE,NRT,Asia Pacific,Tokyo,83,3.55
168.138.202.145,8443,8443,TRUE,NRT,Asia Pacific,Tokyo,107,3.54
152.70.104.69,2096,2096,TRUE,NRT,Asia Pacific,Tokyo,76,3.53
131.186.59.232,2096,2096,TRUE,HKG,Asia Pacific,Hong Kong,163,3.5
158.101.155.246,2053,2053,TRUE,NRT,Asia Pacific,Tokyo,147,3.45
152.70.99.187,2096,2096,TRUE,NRT,Asia Pacific,Tokyo,103,3.42
168.138.206.68,8443,8443,TRUE,NRT,Asia Pacific,Tokyo,72,3.4
141.147.164.54,2083,2083,TRUE,NRT,Asia Pacific,Tokyo,102,3.4
141.147.61.150,443,443,TRUE,FRA,Europe,Frankfurt,234,3.38
129.159.241.172,443,443,TRUE,FRA,Europe,Frankfurt,207,3.36
168.138.198.53,2053,2053,TRUE,NRT,Asia Pacific,Tokyo,88,3.34
152.70.108.149,443,443,TRUE,NRT,Asia Pacific,Tokyo,133,3.33
151.145.69.105,2053,2053,TRUE,HKG,Asia Pacific,Hong Kong,195,3.32
168.138.198.202,2053,2053,TRUE,NRT,Asia Pacific,Tokyo,81,3.31
131.186.61.45,2087,2087,TRUE,NRT,Asia Pacific,Tokyo,146,3.26
132.145.123.238,2083,2083,TRUE,NRT,Asia Pacific,Tokyo,80,3.24
129.146.74.21,2096,2096,TRUE,LAX,North America,Los Angeles,210,3.24
140.238.32.112,2096,2096,TRUE,NRT,Asia Pacific,Tokyo,77,3.24
158.101.150.126,2053,2053,TRUE,NRT,Asia Pacific,Tokyo,158,3.23
141.144.253.109,443,443,TRUE,AMS,Europe,Amsterdam,193,3.22
138.3.208.9,2096,2096,TRUE,NRT,Asia Pacific,Tokyo,150,3.21
141.147.87.85,443,443,TRUE,FRA,Europe,Frankfurt,200,3.19
158.101.68.100,2053,2053,TRUE,NRT,Asia Pacific,Tokyo,120,3.17
132.145.120.103,2053,2053,TRUE,NRT,Asia Pacific,Tokyo,136,3.17
131.186.59.232,2083,2083,TRUE,HKG,Asia Pacific,Hong Kong,157,3.13
132.145.121.247,8443,8443,TRUE,NRT,Asia Pacific,Tokyo,182,3.13
138.3.254.118,443,443,TRUE,FRA,Europe,Frankfurt,183,3.11
150.230.117.81,443,443,TRUE,FRA,Europe,Frankfurt,177,3.11
158.101.155.158,2096,2096,TRUE,NRT,Asia Pacific,Tokyo,133,3.08
141.147.61.116,2053,443,TRUE,FRA,Europe,Frankfurt,236,3.07
132.145.127.21,2096,2096,TRUE,NRT,Asia Pacific,Tokyo,79,3.06
158.101.140.154,2087,2087,TRUE,NRT,Asia Pacific,Tokyo,127,3.04
140.238.33.165,8443,8443,TRUE,NRT,Asia Pacific,Tokyo,85,3.03
144.21.38.231,443,443,TRUE,FRA,Europe,Frankfurt,159,2.98
132.145.125.86,2087,2087,TRUE,NRT,Asia Pacific,Tokyo,83,2.93
158.101.169.13,8443,443,TRUE,FRA,Europe,Frankfurt,192,2.92
168.138.206.68,2087,2087,TRUE,NRT,Asia Pacific,Tokyo,80,2.91
131.186.61.45,2096,2096,TRUE,NRT,Asia Pacific,Tokyo,74,2.9
158.101.158.238,2053,2053,TRUE,NRT,Asia Pacific,Tokyo,156,2.89
138.3.212.144,8443,8443,TRUE,NRT,Asia Pacific,Tokyo,135,2.86
158.101.175.51,2053,443,TRUE,FRA,Europe,Frankfurt,290,2.86
141.147.160.86,2083,2083,TRUE,NRT,Asia Pacific,Tokyo,124,2.85
138.3.247.178,443,443,TRUE,FRA,Europe,Frankfurt,296,2.83
168.138.46.67,443,443,TRUE,KIX,Asia Pacific,Osaka,70,2.77
150.230.115.64,443,443,TRUE,FRA,Europe,Frankfurt,200,2.76
141.147.186.210,2087,2087,TRUE,NRT,Asia Pacific,Tokyo,74,2.75
143.47.182.56,2053,443,TRUE,AMS,Europe,Amsterdam,177,2.74
141.147.167.44,2087,2087,TRUE,NRT,Asia Pacific,Tokyo,84,2.71
151.145.74.56,8443,8443,TRUE,NRT,Asia Pacific,Tokyo,78,2.7
144.24.169.81,8443,443,TRUE,FRA,Europe,Frankfurt,177,2.7
141.147.174.190,2087,2087,TRUE,NRT,Asia Pacific,Tokyo,91,2.7
144.21.42.32,443,443,TRUE,FRA,Europe,Frankfurt,230,2.67
140.238.44.27,443,443,TRUE,NRT,Asia Pacific,Tokyo,87,2.65
158.178.129.114,2053,443,TRUE,TLV,Middle East,Tel Aviv,189,2.64
141.144.203.129,443,443,TRUE,FRA,Europe,Frankfurt,264,2.64
158.101.92.156,2096,2096,TRUE,NRT,Asia Pacific,Tokyo,125,2.63
131.186.27.112,2096,443,TRUE,ICN,Asia Pacific,Seoul,140,2.61
141.147.179.64,2053,2053,TRUE,NRT,Asia Pacific,Tokyo,83,2.59
158.101.158.251,2096,2096,TRUE,NRT,Asia Pacific,Tokyo,111,2.59
158.101.169.13,2053,443,TRUE,FRA,Europe,Frankfurt,205,2.57
193.123.64.217,443,443,TRUE,CDG,Europe,Paris,79,2.56
151.145.71.40,2053,2053,TRUE,NRT,Asia Pacific,Tokyo,79,2.54
141.147.89.242,443,443,TRUE,FRA,Europe,Frankfurt,192,2.52
141.147.96.81,443,443,TRUE,FRA,Europe,Frankfurt,234,2.52
141.147.79.163,443,443,TRUE,FRA,Europe,Frankfurt,212,2.51
144.21.54.113,443,443,TRUE,FRA,Europe,Frankfurt,276,2.49
141.147.170.160,2083,2083,TRUE,NRT,Asia Pacific,Tokyo,81,2.48
138.3.247.135,443,443,TRUE,CDG,Europe,Paris,173,2.47
158.101.131.218,2083,2083,TRUE,NRT,Asia Pacific,Tokyo,82,2.46
138.3.254.138,443,443,TRUE,FRA,Europe,Frankfurt,207,2.46
158.101.92.156,2053,2053,TRUE,NRT,Asia Pacific,Tokyo,93,2.45
158.101.169.13,8443,443,TRUE,FRA,Europe,Frankfurt,165,2.44
89.168.77.222,443,443,TRUE,FRA,Europe,Frankfurt,240,2.42
131.186.63.127,2053,2053,TRUE,NRT,Asia Pacific,Tokyo,96,2.35
141.147.162.204,2087,2087,TRUE,NRT,Asia Pacific,Tokyo,146,2.3
140.238.80.17,443,443,TRUE,FRA,Europe,Frankfurt,192,2.26
151.145.75.28,8443,8443,TRUE,NRT,Asia Pacific,Tokyo,217,2.2
132.145.112.247,8443,8443,TRUE,NRT,Asia Pacific,Tokyo,140,2.19
141.147.162.204,8443,8443,TRUE,NRT,Asia Pacific,Tokyo,71,2.18
152.70.59.56,443,443,TRUE,EWR,North America,Newark,169,2.18
151.145.70.28,2087,2087,TRUE,NRT,Asia Pacific,Tokyo,147,2.18
131.186.59.232,2053,2053,TRUE,HKG,Asia Pacific,Hong Kong,192,2.14
132.145.121.247,2096,2096,TRUE,NRT,Asia Pacific,Tokyo,132,2.1
158.101.146.203,2096,2096,TRUE,NRT,Asia Pacific,Tokyo,77,2.09
143.47.182.56,8443,443,TRUE,AMS,Europe,Amsterdam,183,2.08
141.147.178.202,2083,2083,TRUE,NRT,Asia Pacific,Tokyo,74,2.06
158.178.129.114,8443,443,TRUE,TLV,Middle East,Tel Aviv,207,2.05
131.186.41.255,2096,2096,TRUE,NRT,Asia Pacific,Tokyo,90,2.02
168.138.70.29,443,443,TRUE,YYZ,North America,Toronto,373,2
152.70.103.145,8443,8443,TRUE,NRT,Asia Pacific,Tokyo,121,1.94
155.248.163.133,2083,2083,TRUE,NRT,Asia Pacific,Tokyo,77,1.93
168.138.206.109,8443,8443,TRUE,NRT,Asia Pacific,Tokyo,87,1.92
152.70.107.26,2053,2053,TRUE,NRT,Asia Pacific,Tokyo,113,1.91
131.186.34.11,2087,2087,TRUE,NRT,Asia Pacific,Tokyo,130,1.9
144.21.61.96,443,443,TRUE,AMS,Europe,Amsterdam,165,1.85
141.147.178.202,2087,2087,TRUE,NRT,Asia Pacific,Tokyo,89,1.81
141.147.86.64,443,443,TRUE,FRA,Europe,Frankfurt,196,1.8
158.101.147.4,2053,2053,TRUE,NRT,Asia Pacific,Tokyo,121,1.8
132.145.127.51,2053,2053,TRUE,NRT,Asia Pacific,Tokyo,83,1.76
141.147.76.201,443,443,TRUE,FRA,Europe,Frankfurt,196,1.75
132.145.121.125,2053,2053,TRUE,NRT,Asia Pacific,Tokyo,95,1.71
141.147.170.160,2053,2053,TRUE,NRT,Asia Pacific,Tokyo,190,1.7
140.238.69.242,443,443,TRUE,LHR,Europe,London,183,1.68
131.186.39.42,8443,8443,TRUE,NRT,Asia Pacific,Tokyo,123,1.67
168.138.200.159,2083,2083,TRUE,NRT,Asia Pacific,Tokyo,128,1.6
158.101.92.156,2087,2087,TRUE,NRT,Asia Pacific,Tokyo,82,1.58
168.138.206.68,2053,2053,TRUE,NRT,Asia Pacific,Tokyo,77,1.57
141.147.71.216,443,443,TRUE,FRA,Europe,Frankfurt,184,1.55
158.178.155.195,443,443,TRUE,FRA,Europe,Frankfurt,233,1.54
158.101.140.252,2096,2096,TRUE,NRT,Asia Pacific,Tokyo,124,1.52
158.101.142.103,2096,2096,TRUE,NRT,Asia Pacific,Tokyo,126,1.48
132.145.114.4,2053,2053,TRUE,NRT,Asia Pacific,Tokyo,76,1.48
158.101.133.129,8443,8443,TRUE,NRT,Asia Pacific,Tokyo,95,1.45
158.101.146.165,2087,2087,TRUE,NRT,Asia Pacific,Tokyo,106,1.44
141.147.71.180,443,443,TRUE,FRA,Europe,Frankfurt,223,1.41
158.101.140.252,8443,8443,TRUE,NRT,Asia Pacific,Tokyo,78,1.39
151.145.64.170,2096,2096,TRUE,NRT,Asia Pacific,Tokyo,183,1.35
158.101.148.221,2083,2083,TRUE,HKG,Asia Pacific,Hong Kong,188,1.3
132.145.120.115,8443,8443,TRUE,NRT,Asia Pacific,Tokyo,70,1.25
150.230.21.78,443,443,TRUE,AMS,Europe,Amsterdam,245,1.22
151.145.64.170,2053,2053,TRUE,NRT,Asia Pacific,Tokyo,88,1.21
141.147.72.168,443,443,TRUE,FRA,Europe,Frankfurt,190,1.18
155.248.163.133,2087,2087,TRUE,NRT,Asia Pacific,Tokyo,81,1.17
141.147.108.206,443,443,TRUE,AMS,Europe,Amsterdam,164,1.14
143.47.224.48,443,443,TRUE,FRA,Europe,Frankfurt,164,1.13
141.147.164.54,2087,2087,TRUE,NRT,Asia Pacific,Tokyo,152,1.11
158.101.175.51,2053,443,TRUE,FRA,Europe,Frankfurt,167,1.07
140.238.35.195,2087,2087,TRUE,NRT,Asia Pacific,Tokyo,85,1.01
151.145.65.8,8443,8443,TRUE,NRT,Asia Pacific,Tokyo,98,1
132.145.121.125,8443,8443,TRUE,NRT,Asia Pacific,Tokyo,75,0.98
132.145.121.242,2083,2083,TRUE,HKG,Asia Pacific,Hong Kong,241,0.95
141.147.170.160,2096,2096,TRUE,NRT,Asia Pacific,Tokyo,139,0.93
158.178.147.239,443,443,TRUE,FRA,Europe,Frankfurt,266,0.88
158.101.140.252,2083,2083,TRUE,NRT,Asia Pacific,Tokyo,115,0.88
141.147.61.116,8443,443,TRUE,FRA,Europe,Frankfurt,200,0.87
141.147.75.139,443,443,TRUE,FRA,Europe,Frankfurt,212,0.86
158.101.92.156,8443,8443,TRUE,NRT,Asia Pacific,Tokyo,162,0.85
155.248.163.133,2096,2096,TRUE,NRT,Asia Pacific,Tokyo,78,0.84
141.147.170.160,2087,2087,TRUE,NRT,Asia Pacific,Tokyo,105,0.82
132.145.121.125,2087,2087,TRUE,NRT,Asia Pacific,Tokyo,94,0.76
155.248.163.133,2053,2053,TRUE,NRT,Asia Pacific,Tokyo,84,0.75
158.101.215.45,8443,443,TRUE,AMS,Europe,Amsterdam,173,0.74
144.21.59.35,443,443,TRUE,FRA,Europe,Frankfurt,244,0.67
158.101.140.252,2087,2087,TRUE,NRT,Asia Pacific,Tokyo,93,0.65
131.186.37.69,2083,2083,TRUE,NRT,Asia Pacific,Tokyo,89,0.59
146.235.214.73,443,443,TRUE,SJC,North America,San Jose,392,0.58
151.145.64.170,2083,2083,TRUE,NRT,Asia Pacific,Tokyo,218,0.53
150.136.61.148,443,443,TRUE,IAD,North America,Ashburn,271,0.53
155.248.163.133,8443,8443,TRUE,NRT,Asia Pacific,Tokyo,148,0.52
146.235.210.182,2053,443,TRUE,SJC,North America,San Jose,494,0.44
146.235.210.182,8443,443,TRUE,SJC,North America,San Jose,377,0.42
141.147.170.160,8443,8443,TRUE,NRT,Asia Pacific,Tokyo,155,0.41
158.101.140.252,2053,2053,TRUE,NRT,Asia Pacific,Tokyo,203,0.37
192.9.138.241,443,443,TRUE,SJC,North America,San Jose,350,0.34
152.70.60.135,443,443,TRUE,FRA,Europe,Frankfurt,278,0.3
146.235.234.114,443,443,TRUE,SJC,North America,San Jose,434,0.27
204.216.105.106,8443,8443,TRUE,YYZ,North America,Toronto,360,0.23
141.147.47.32,8443,443,TRUE,FRA,Europe,Frankfurt,190,0.22
158.101.175.51,8443,443,TRUE,FRA,Europe,Frankfurt,193,0.18
150.230.47.17,443,443,TRUE,SJC,North America,San Jose,465,0.16
129.159.84.71,443,443,TRUE,IAD,North America,Ashburn,249,0.16
141.147.77.214,443,443,TRUE,AMS,Europe,Amsterdam,174,0.14
129.159.83.88,8443,443,TRUE,IAD,North America,Ashburn,383,0.13
141.147.40.44,2053,443,TRUE,FRA,Europe,Frankfurt,168,0.11
132.145.127.203,8443,443,TRUE,NRT,Asia Pacific,Tokyo,75,0.05
132.145.127.203,2053,443,TRUE,NRT,Asia Pacific,Tokyo,71,0.04
138.2.108.118,2096,0,TRUE,SIN,Asia Pacific,Singapore,74,0.03
138.2.108.118,8443,0,TRUE,SIN,Asia Pacific,Singapore,60,0.03
138.2.108.118,2053,0,TRUE,SIN,Asia Pacific,Singapore,59,0.03
138.2.108.118,2087,0,TRUE,SIN,Asia Pacific,Singapore,50,0.03
138.2.108.118,2083,0,TRUE,SIN,Asia Pacific,Singapore,61,0.03
138.3.216.181,2053,0,TRUE,NRT,Asia Pacific,Tokyo,115,0.03
151.145.65.108,2083,0,TRUE,NRT,Asia Pacific,Tokyo,72,0.03
132.145.123.6,2053,0,TRUE,NRT,Asia Pacific,Tokyo,77,0.02
151.145.65.108,2087,0,TRUE,NRT,Asia Pacific,Tokyo,85,0.02
151.145.65.108,2053,0,TRUE,NRT,Asia Pacific,Tokyo,79,0.02
168.138.203.39,2083,0,TRUE,NRT,Asia Pacific,Tokyo,89,0.02
158.101.136.221,2053,0,TRUE,NRT,Asia Pacific,Tokyo,155,0.02
138.3.222.50,8443,0,TRUE,NRT,Asia Pacific,Tokyo,104,0.02
138.3.216.181,2096,0,TRUE,NRT,Asia Pacific,Tokyo,90,0.02
155.248.162.233,2083,0,TRUE,NRT,Asia Pacific,Tokyo,86,0.02
151.145.65.108,2096,0,TRUE,NRT,Asia Pacific,Tokyo,73,0.02
152.70.102.142,2096,0,TRUE,NRT,Asia Pacific,Tokyo,96,0.02
151.145.65.108,8443,0,TRUE,NRT,Asia Pacific,Tokyo,90,0.02
132.145.117.33,8443,0,TRUE,NRT,Asia Pacific,Tokyo,113,0.02
158.101.136.128,2053,0,TRUE,NRT,Asia Pacific,Tokyo,113,0.02
132.145.123.6,2087,0,TRUE,NRT,Asia Pacific,Tokyo,79,0.02
158.101.93.200,2053,0,TRUE,NRT,Asia Pacific,Tokyo,93,0.02
152.70.102.142,2087,0,TRUE,NRT,Asia Pacific,Tokyo,95,0.02
132.145.117.33,2087,0,TRUE,NRT,Asia Pacific,Tokyo,121,0.02
158.101.93.200,2083,0,TRUE,NRT,Asia Pacific,Tokyo,108,0.02
140.238.42.149,2053,0,TRUE,NRT,Asia Pacific,Tokyo,90,0.02
158.101.136.221,2096,0,TRUE,NRT,Asia Pacific,Tokyo,105,0.01
155.248.162.233,2096,0,TRUE,NRT,Asia Pacific,Tokyo,71,0.01
132.145.123.6,2096,0,TRUE,NRT,Asia Pacific,Tokyo,83,0.01
155.248.162.233,8443,0,TRUE,NRT,Asia Pacific,Tokyo,85,0.01
132.145.117.33,2083,0,TRUE,NRT,Asia Pacific,Tokyo,91,0.01
138.3.222.50,2083,0,TRUE,NRT,Asia Pacific,Tokyo,126,0.01
140.238.42.149,2096,0,TRUE,NRT,Asia Pacific,Tokyo,77,0.01
138.3.222.50,2087,0,TRUE,NRT,Asia Pacific,Tokyo,101,0.01
158.101.136.221,2083,0,TRUE,NRT,Asia Pacific,Tokyo,137,0.01
129.153.165.237,443,443,TRUE,IAD,North America,Ashburn,252,0.01
158.101.93.200,8443,0,TRUE,NRT,Asia Pacific,Tokyo,87,0.01
158.101.93.200,2087,0,TRUE,NRT,Asia Pacific,Tokyo,159,0.01
138.3.216.181,2087,0,TRUE,NRT,Asia Pacific,Tokyo,107,0.01
140.238.37.162,2087,0,TRUE,NRT,Asia Pacific,Tokyo,77,0.01
158.101.136.128,2096,0,TRUE,NRT,Asia Pacific,Tokyo,84,0.01
132.145.117.33,2096,0,TRUE,NRT,Asia Pacific,Tokyo,84,0.01
158.101.136.128,2087,0,TRUE,NRT,Asia Pacific,Tokyo,110,0.01
168.138.203.39,2053,0,TRUE,NRT,Asia Pacific,Tokyo,81,0.01
168.138.203.39,8443,0,TRUE,NRT,Asia Pacific,Tokyo,103,0.01
158.101.136.128,2083,0,TRUE,NRT,Asia Pacific,Tokyo,162,0.01
158.101.136.221,8443,0,TRUE,NRT,Asia Pacific,Tokyo,105,0.01
132.145.123.6,2083,0,TRUE,NRT,Asia Pacific,Tokyo,80,0.01
132.145.123.6,8443,0,TRUE,NRT,Asia Pacific,Tokyo,80,0.01
138.3.216.181,8443,0,TRUE,NRT,Asia Pacific,Tokyo,77,0.01
138.3.216.181,2083,0,TRUE,NRT,Asia Pacific,Tokyo,95,0.01
138.3.222.50,2053,0,TRUE,NRT,Asia Pacific,Tokyo,92,0.01
138.3.222.50,2096,0,TRUE,NRT,Asia Pacific,Tokyo,111,0.01
155.248.162.233,2087,0,TRUE,NRT,Asia Pacific,Tokyo,115,0.01
155.248.162.233,2053,0,TRUE,NRT,Asia Pacific,Tokyo,99,0.01
132.145.117.33,2053,0,TRUE,NRT,Asia Pacific,Tokyo,112,0.01
158.101.93.200,2096,0,TRUE,NRT,Asia Pacific,Tokyo,113,0.01
168.138.203.39,2096,0,TRUE,NRT,Asia Pacific,Tokyo,86,0.01
168.138.203.39,2087,0,TRUE,NRT,Asia Pacific,Tokyo,92,0.01
152.70.102.142,8443,0,TRUE,NRT,Asia Pacific,Tokyo,96,0.01
152.70.102.142,2083,0,TRUE,NRT,Asia Pacific,Tokyo,84,0.01
141.147.107.14,443,0,TRUE,FRA,Europe,Frankfurt,242,0
146.235.17.21,443,443,TRUE,HKG,Asia Pacific,Hong Kong,1,0
168.138.185.253,2087,0,TRUE,SIN,Asia Pacific,Singapore,2,0
168.138.184.64,2083,0,TRUE,SIN,Asia Pacific,Singapore,3,0
168.138.185.253,2053,0,TRUE,SIN,Asia Pacific,Singapore,3,0
168.138.162.187,443,443,TRUE,SIN,Asia Pacific,Singapore,24,0
138.2.104.2,2083,2083,TRUE,SIN,Asia Pacific,Singapore,45,0
138.2.104.2,8443,8443,TRUE,SIN,Asia Pacific,Singapore,59,0
168.138.50.249,443,443,TRUE,KIX,Asia Pacific,Osaka,67,0
150.230.208.83,2087,0,TRUE,NRT,Asia Pacific,Tokyo,68,0
168.138.212.175,2083,0,TRUE,NRT,Asia Pacific,Tokyo,69,0
141.147.183.96,2053,2053,TRUE,NRT,Asia Pacific,Tokyo,70,0
168.138.212.74,2083,0,TRUE,NRT,Asia Pacific,Tokyo,71,0
168.138.203.39,2087,0,TRUE,NRT,Asia Pacific,Tokyo,71,0
168.138.198.202,2096,2096,TRUE,NRT,Asia Pacific,Tokyo,71,0
150.230.199.118,2083,0,TRUE,NRT,Asia Pacific,Tokyo,71,0
168.138.206.109,2053,0,TRUE,NRT,Asia Pacific,Tokyo,71,0
150.230.201.162,2096,0,TRUE,NRT,Asia Pacific,Tokyo,72,0
168.138.195.31,8443,8443,TRUE,NRT,Asia Pacific,Tokyo,73,0
132.226.0.181,8443,0,TRUE,NRT,Asia Pacific,Tokyo,73,0
141.147.165.179,8443,8443,TRUE,NRT,Asia Pacific,Tokyo,73,0
138.2.36.216,443,443,TRUE,HKG,Asia Pacific,Hong Kong,74,0
141.147.147.28,443,443,TRUE,KIX,Asia Pacific,Osaka,75,0
158.101.145.246,8443,0,TRUE,NRT,Asia Pacific,Tokyo,75,0
168.138.194.121,2053,2053,TRUE,NRT,Asia Pacific,Tokyo,75,0
138.2.75.91,443,0,TRUE,SIN,Asia Pacific,Singapore,76,0
158.179.186.170,8443,0,TRUE,NRT,Asia Pacific,Tokyo,76,0
150.230.201.63,2053,0,TRUE,NRT,Asia Pacific,Tokyo,76,0
150.230.197.156,2096,2096,TRUE,NRT,Asia Pacific,Tokyo,76,0
150.230.212.9,2096,0,TRUE,NRT,Asia Pacific,Tokyo,77,0
150.230.212.9,2083,0,TRUE,NRT,Asia Pacific,Tokyo,78,0
132.145.115.17,2053,2053,TRUE,NRT,Asia Pacific,Tokyo,78,0
168.138.208.164,8443,0,TRUE,NRT,Asia Pacific,Tokyo,78,0
150.230.216.34,8443,8443,TRUE,NRT,Asia Pacific,Tokyo,78,0
150.230.200.210,2096,2096,TRUE,NRT,Asia Pacific,Tokyo,79,0
140.238.60.177,2053,2053,TRUE,NRT,Asia Pacific,Tokyo,79,0
150.230.219.168,8443,8443,TRUE,NRT,Asia Pacific,Tokyo,80,0
168.138.197.222,2083,0,TRUE,NRT,Asia Pacific,Tokyo,81,0
140.238.53.190,2053,2053,TRUE,NRT,Asia Pacific,Tokyo,81,0
168.138.206.109,2096,0,TRUE,NRT,Asia Pacific,Tokyo,81,0
168.138.208.17,2087,0,TRUE,NRT,Asia Pacific,Tokyo,81,0
158.179.186.251,2087,0,TRUE,NRT,Asia Pacific,Tokyo,82,0
140.238.40.136,2053,2053,TRUE,NRT,Asia Pacific,Tokyo,83,0
168.138.205.195,2096,0,TRUE,NRT,Asia Pacific,Tokyo,83,0
168.138.15.75,443,0,TRUE,MEL,Oceania,Melbourne,83,0
150.230.196.73,2083,2083,TRUE,NRT,Asia Pacific,Tokyo,83,0
168.138.211.131,2053,0,TRUE,NRT,Asia Pacific,Tokyo,83,0
155.248.187.37,2083,0,TRUE,NRT,Asia Pacific,Tokyo,83,0
141.147.169.195,2096,2096,TRUE,NRT,Asia Pacific,Tokyo,83,0
168.138.200.159,2083,0,TRUE,NRT,Asia Pacific,Tokyo,84,0
168.138.212.74,8443,0,TRUE,NRT,Asia Pacific,Tokyo,86,0
150.230.202.132,8443,8443,TRUE,NRT,Asia Pacific,Tokyo,87,0
168.138.211.131,8443,8443,TRUE,NRT,Asia Pacific,Tokyo,88,0
155.248.180.57,2087,0,TRUE,NRT,Asia Pacific,Tokyo,88,0
168.138.206.68,8443,8443,TRUE,NRT,Asia Pacific,Tokyo,88,0
141.147.181.148,8443,8443,TRUE,NRT,Asia Pacific,Tokyo,89,0
150.230.213.95,2053,0,TRUE,NRT,Asia Pacific,Tokyo,89,0
150.230.202.132,2053,2053,TRUE,NRT,Asia Pacific,Tokyo,89,0
168.138.200.159,2096,0,TRUE,NRT,Asia Pacific,Tokyo,90,0
129.151.134.185,443,443,TRUE,HKG,Asia Pacific,Hong Kong,90,0
141.147.174.7,2096,2096,TRUE,NRT,Asia Pacific,Tokyo,90,0
168.138.205.195,2087,2087,TRUE,NRT,Asia Pacific,Tokyo,91,0
168.138.192.185,8443,8443,TRUE,NRT,Asia Pacific,Tokyo,92,0
168.138.195.31,2053,2053,TRUE,NRT,Asia Pacific,Tokyo,92,0
132.226.5.76,2087,0,TRUE,NRT,Asia Pacific,Tokyo,92,0
168.138.201.0,443,0,TRUE,NRT,Asia Pacific,Tokyo,92,0
141.147.167.40,2096,2096,TRUE,NRT,Asia Pacific,Tokyo,93,0
140.238.34.208,2087,2087,TRUE,NRT,Asia Pacific,Tokyo,93,0
168.138.215.188,2053,2053,TRUE,NRT,Asia Pacific,Tokyo,93,0
152.70.237.179,443,0,TRUE,NRT,Asia Pacific,Tokyo,94,0
131.186.47.223,8443,8443,TRUE,NRT,Asia Pacific,Tokyo,94,0
140.238.50.99,2083,2083,TRUE,NRT,Asia Pacific,Tokyo,95,0
131.186.59.94,2096,2096,TRUE,NRT,Asia Pacific,Tokyo,96,0
141.147.168.159,2083,2083,TRUE,NRT,Asia Pacific,Tokyo,97,0
132.145.114.250,2096,2096,TRUE,NRT,Asia Pacific,Tokyo,98,0
150.230.212.9,2087,0,TRUE,NRT,Asia Pacific,Tokyo,99,0
130.162.134.215,2052,0,TRUE,NRT,Asia Pacific,Tokyo,100,0
141.147.178.202,2053,2053,TRUE,NRT,Asia Pacific,Tokyo,100,0
138.2.10.251,2096,0,TRUE,NRT,Asia Pacific,Tokyo,101,0
141.147.182.70,8443,8443,TRUE,NRT,Asia Pacific,Tokyo,101,0
141.147.183.96,2096,2096,TRUE,NRT,Asia Pacific,Tokyo,102,0
132.145.121.125,2096,2096,TRUE,NRT,Asia Pacific,Tokyo,102,0
141.147.166.95,8443,8443,TRUE,NRT,Asia Pacific,Tokyo,102,0
132.145.81.117,443,0,TRUE,ICN,Asia Pacific,Seoul,102,0
146.56.151.87,2087,2096,TRUE,ICN,Asia Pacific,Seoul,103,0
132.145.117.216,2083,2083,TRUE,NRT,Asia Pacific,Tokyo,104,0
132.145.121.175,2053,2053,TRUE,NRT,Asia Pacific,Tokyo,105,0
141.147.164.123,2096,2096,TRUE,NRT,Asia Pacific,Tokyo,107,0
131.186.37.49,8443,8443,TRUE,NRT,Asia Pacific,Tokyo,107,0
131.186.63.35,2087,2087,TRUE,NRT,Asia Pacific,Tokyo,108,0
193.122.125.174,2053,443,TRUE,ICN,Asia Pacific,Seoul,109,0
131.186.43.107,2096,2096,TRUE,NRT,Asia Pacific,Tokyo,110,0
131.186.39.42,2053,2053,TRUE,NRT,Asia Pacific,Tokyo,112,0
141.147.169.195,8443,8443,TRUE,NRT,Asia Pacific,Tokyo,117,0
141.147.160.86,2096,2096,TRUE,NRT,Asia Pacific,Tokyo,119,0
141.147.164.123,2053,2053,TRUE,NRT,Asia Pacific,Tokyo,122,0
141.147.164.54,2096,2096,TRUE,NRT,Asia Pacific,Tokyo,131,0
141.147.164.123,2087,2087,TRUE,NRT,Asia Pacific,Tokyo,133,0
141.147.168.13,2096,2096,TRUE,NRT,Asia Pacific,Tokyo,135,0
141.147.166.189,8443,8443,TRUE,NRT,Asia Pacific,Tokyo,137,0
129.154.50.220,443,443,TRUE,ICN,Asia Pacific,Seoul,139,0
131.186.43.107,2083,2083,TRUE,NRT,Asia Pacific,Tokyo,140,0
141.147.181.148,2087,2087,TRUE,NRT,Asia Pacific,Tokyo,140,0
141.147.174.7,2053,2053,TRUE,NRT,Asia Pacific,Tokyo,141,0
168.138.196.164,8443,0,TRUE,HKG,Asia Pacific,Hong Kong,141,0
141.147.164.153,2083,2083,TRUE,NRT,Asia Pacific,Tokyo,151,0
141.147.178.115,2053,2053,TRUE,NRT,Asia Pacific,Tokyo,164,0
141.148.245.148,443,443,TRUE,FRA,Europe,Frankfurt,174,0
89.168.89.117,443,443,TRUE,FRA,Europe,Frankfurt,183,0
129.146.83.33,8443,8443,TRUE,LAX,North America,Los Angeles,188,0
129.146.243.241,443,0,TRUE,LAX,North America,Los Angeles,190,0
129.146.240.62,443,443,TRUE,LAX,North America,Los Angeles,192,0
89.168.96.170,443,443,TRUE,FRA,Europe,Frankfurt,192,0
141.148.228.109,443,443,TRUE,FRA,Europe,Frankfurt,193,0
89.168.110.2,443,443,TRUE,AMS,Europe,Amsterdam,195,0
129.146.7.98,443,443,TRUE,LAX,North America,Los Angeles,196,0
131.186.37.69,2053,2053,TRUE,NRT,Asia Pacific,Tokyo,207,0
89.168.124.248,443,443,TRUE,FRA,Europe,Frankfurt,208,0
158.101.10.105,443,443,TRUE,LAX,North America,Los Angeles,217,0
158.180.43.112,443,0,TRUE,FRA,Europe,Frankfurt,218,0
144.24.165.139,443,443,TRUE,FRA,Europe,Frankfurt,218,0
158.101.169.13,2053,443,TRUE,FRA,Europe,Frankfurt,229,0
132.226.208.137,443,443,TRUE,FRA,Europe,Frankfurt,230,0
130.162.250.149,443,0,TRUE,FRA,Europe,Frankfurt,233,0
89.168.117.232,443,443,TRUE,FRA,Europe,Frankfurt,237,0
150.230.124.215,443,0,TRUE,FRA,Europe,Frankfurt,245,0
141.148.240.244,443,443,TRUE,FRA,Europe,Frankfurt,266,0
192.18.145.19,2096,443,TRUE,YYZ,North America,Toronto,324,0
129.153.51.128,443,0,TRUE,YYZ,North America,Toronto,327,0
192.18.159.129,443,0,TRUE,ORD,North America,Chicago,332,0
164.152.26.70,2086,443,TRUE,ORD,North America,Chicago,335,0
129.80.116.250,443,443,TRUE,IAD,North America,Ashburn,347,0
192.18.149.159,443,443,TRUE,YYZ,North America,Toronto,389,0
192.18.149.159,8080,443,TRUE,YYZ,North America,Toronto,403,0
150.230.44.131,8443,0,TRUE,SJC,North America,San Jose,449,0
